symbol,ex_date,action_type,ratio,raw_terms,source,retrieved
AAPL,2023-11-10,dividend,,"{""amount"": 0.24, ""currency"": ""USD""}",yfinance,2026-08-03
AAPL,2024-02-09,dividend,,"{""amount"": 0.24, ""currency"": ""USD""}",yfinance,2026-08-03
AAPL,2024-05-10,dividend,,"{""amount"": 0.25, ""currency"": ""USD""}",yfinance,2026-08-03
AAPL,2024-08-12,dividend,,"{""amount"": 0.25, ""currency"": ""USD""}",yfinance,2026-08-03
AAPL,2024-11-08,dividend,,"{""amount"": 0.25, ""currency"": ""USD""}",yfinance,2026-08-03
AAPL,2025-02-10,dividend,,"{""amount"": 0.25, ""currency"": ""USD""}",yfinance,2026-08-03
AAPL,2025-05-12,dividend,,"{""amount"": 0.26, ""currency"": ""USD""}",yfinance,2026-08-03
AAPL,2025-08-11,dividend,,"{""amount"": 0.26, ""currency"": ""USD""}",yfinance,2026-08-03
AAPL,2025-11-10,dividend,,"{""amount"": 0.26, ""currency"": ""USD""}",yfinance,2026-08-03
AAPL,2026-02-09,dividend,,"{""amount"": 0.26, ""currency"": ""USD""}",yfinance,2026-08-03
AAPL,2026-05-11,dividend,,"{""amount"": 0.27, ""currency"": ""USD""}",yfinance,2026-08-03
ABBV,2023-10-12,dividend,,"{""amount"": 1.48, ""currency"": ""USD""}",yfinance,2026-08-03
ABBV,2024-01-12,dividend,,"{""amount"": 1.55, ""currency"": ""USD""}",yfinance,2026-08-03
ABBV,2024-04-12,dividend,,"{""amount"": 1.55, ""currency"": ""USD""}",yfinance,2026-08-03
ABBV,2024-07-15,dividend,,"{""amount"": 1.55, ""currency"": ""USD""}",yfinance,2026-08-03
ABBV,2024-10-15,dividend,,"{""amount"": 1.55, ""currency"": ""USD""}",yfinance,2026-08-03
ABBV,2025-01-15,dividend,,"{""amount"": 1.64, ""currency"": ""USD""}",yfinance,2026-08-03
ABBV,2025-04-15,dividend,,"{""amount"": 1.64, ""currency"": ""USD""}",yfinance,2026-08-03
ABBV,2025-07-15,dividend,,"{""amount"": 1.64, ""currency"": ""USD""}",yfinance,2026-08-03
ABBV,2025-10-15,dividend,,"{""amount"": 1.64, ""currency"": ""USD""}",yfinance,2026-08-03
ABBV,2026-01-16,dividend,,"{""amount"": 1.73, ""currency"": ""USD""}",yfinance,2026-08-03
ABBV,2026-04-15,dividend,,"{""amount"": 1.73, ""currency"": ""USD""}",yfinance,2026-08-03
ABBV,2026-07-15,dividend,,"{""amount"": 1.73, ""currency"": ""USD""}",yfinance,2026-08-03
ABT,2023-10-12,dividend,,"{""amount"": 0.51, ""currency"": ""USD""}",yfinance,2026-08-03
ABT,2024-01-11,dividend,,"{""amount"": 0.55, ""currency"": ""USD""}",yfinance,2026-08-03
ABT,2024-04-12,dividend,,"{""amount"": 0.55, ""currency"": ""USD""}",yfinance,2026-08-03
ABT,2024-07-15,dividend,,"{""amount"": 0.55, ""currency"": ""USD""}",yfinance,2026-08-03
ABT,2024-10-15,dividend,,"{""amount"": 0.55, ""currency"": ""USD""}",yfinance,2026-08-03
ABT,2025-01-15,dividend,,"{""amount"": 0.59, ""currency"": ""USD""}",yfinance,2026-08-03
ABT,2025-04-15,dividend,,"{""amount"": 0.59, ""currency"": ""USD""}",yfinance,2026-08-03
ABT,2025-07-15,dividend,,"{""amount"": 0.59, ""currency"": ""USD""}",yfinance,2026-08-03
ABT,2025-10-15,dividend,,"{""amount"": 0.59, ""currency"": ""USD""}",yfinance,2026-08-03
ABT,2026-01-15,dividend,,"{""amount"": 0.63, ""currency"": ""USD""}",yfinance,2026-08-03
ABT,2026-04-15,dividend,,"{""amount"": 0.63, ""currency"": ""USD""}",yfinance,2026-08-03
ABT,2026-07-15,dividend,,"{""amount"": 0.63, ""currency"": ""USD""}",yfinance,2026-08-03
ACN,2023-10-11,dividend,,"{""amount"": 1.29, ""currency"": ""USD""}",yfinance,2026-08-03
ACN,2024-01-17,dividend,,"{""amount"": 1.29, ""currency"": ""USD""}",yfinance,2026-08-03
ACN,2024-04-10,dividend,,"{""amount"": 1.29, ""currency"": ""USD""}",yfinance,2026-08-03
ACN,2024-07-11,dividend,,"{""amount"": 1.29, ""currency"": ""USD""}",yfinance,2026-08-03
ACN,2024-10-10,dividend,,"{""amount"": 1.48, ""currency"": ""USD""}",yfinance,2026-08-03
ACN,2025-01-16,dividend,,"{""amount"": 1.48, ""currency"": ""USD""}",yfinance,2026-08-03
ACN,2025-04-10,dividend,,"{""amount"": 1.48, ""currency"": ""USD""}",yfinance,2026-08-03
ACN,2025-07-10,dividend,,"{""amount"": 1.48, ""currency"": ""USD""}",yfinance,2026-08-03
ACN,2026-04-09,dividend,,"{""amount"": 1.63, ""currency"": ""USD""}",yfinance,2026-08-03
ACN,2026-07-09,dividend,,"{""amount"": 1.63, ""currency"": ""USD""}",yfinance,2026-08-03
AIG,2023-12-13,dividend,,"{""amount"": 0.36, ""currency"": ""USD""}",yfinance,2026-08-03
AIG,2024-03-13,dividend,,"{""amount"": 0.36, ""currency"": ""USD""}",yfinance,2026-08-03
AIG,2024-06-14,dividend,,"{""amount"": 0.4, ""currency"": ""USD""}",yfinance,2026-08-03
AIG,2024-09-16,dividend,,"{""amount"": 0.4, ""currency"": ""USD""}",yfinance,2026-08-03
AIG,2024-12-16,dividend,,"{""amount"": 0.4, ""currency"": ""USD""}",yfinance,2026-08-03
AIG,2025-03-17,dividend,,"{""amount"": 0.4, ""currency"": ""USD""}",yfinance,2026-08-03
AIG,2025-06-13,dividend,,"{""amount"": 0.45, ""currency"": ""USD""}",yfinance,2026-08-03
AIG,2025-09-16,dividend,,"{""amount"": 0.45, ""currency"": ""USD""}",yfinance,2026-08-03
AIG,2025-12-16,dividend,,"{""amount"": 0.45, ""currency"": ""USD""}",yfinance,2026-08-03
AIG,2026-03-16,dividend,,"{""amount"": 0.45, ""currency"": ""USD""}",yfinance,2026-08-03
AIG,2026-06-15,dividend,,"{""amount"": 0.5, ""currency"": ""USD""}",yfinance,2026-08-03
AMAT,2023-11-22,dividend,,"{""amount"": 0.32, ""currency"": ""USD""}",yfinance,2026-08-03
AMAT,2024-02-21,dividend,,"{""amount"": 0.32, ""currency"": ""USD""}",yfinance,2026-08-03
AMAT,2024-05-22,dividend,,"{""amount"": 0.4, ""currency"": ""USD""}",yfinance,2026-08-03
AMAT,2024-08-22,dividend,,"{""amount"": 0.4, ""currency"": ""USD""}",yfinance,2026-08-03
AMAT,2024-11-21,dividend,,"{""amount"": 0.4, ""currency"": ""USD""}",yfinance,2026-08-03
AMAT,2025-02-20,dividend,,"{""amount"": 0.4, ""currency"": ""USD""}",yfinance,2026-08-03
AMAT,2025-05-22,dividend,,"{""amount"": 0.46, ""currency"": ""USD""}",yfinance,2026-08-03
AMAT,2025-08-21,dividend,,"{""amount"": 0.46, ""currency"": ""USD""}",yfinance,2026-08-03
AMAT,2025-11-20,dividend,,"{""amount"": 0.46, ""currency"": ""USD""}",yfinance,2026-08-03
AMAT,2026-02-19,dividend,,"{""amount"": 0.46, ""currency"": ""USD""}",yfinance,2026-08-03
AMAT,2026-05-21,dividend,,"{""amount"": 0.53, ""currency"": ""USD""}",yfinance,2026-08-03
AMGN,2023-11-16,dividend,,"{""amount"": 2.13, ""currency"": ""USD""}",yfinance,2026-08-03
AMGN,2024-02-15,dividend,,"{""amount"": 2.25, ""currency"": ""USD""}",yfinance,2026-08-03
AMGN,2024-05-16,dividend,,"{""amount"": 2.25, ""currency"": ""USD""}",yfinance,2026-08-03
AMGN,2024-08-16,dividend,,"{""amount"": 2.25, ""currency"": ""USD""}",yfinance,2026-08-03
AMGN,2024-11-18,dividend,,"{""amount"": 2.25, ""currency"": ""USD""}",yfinance,2026-08-03
AMGN,2025-02-14,dividend,,"{""amount"": 2.38, ""currency"": ""USD""}",yfinance,2026-08-03
AMGN,2025-05-16,dividend,,"{""amount"": 2.38, ""currency"": ""USD""}",yfinance,2026-08-03
AMGN,2025-08-22,dividend,,"{""amount"": 2.38, ""currency"": ""USD""}",yfinance,2026-08-03
AMGN,2025-11-21,dividend,,"{""amount"": 2.38, ""currency"": ""USD""}",yfinance,2026-08-03
AMGN,2026-02-13,dividend,,"{""amount"": 2.52, ""currency"": ""USD""}",yfinance,2026-08-03
AMGN,2026-05-15,dividend,,"{""amount"": 2.52, ""currency"": ""USD""}",yfinance,2026-08-03
AMT,2023-10-10,dividend,,"{""amount"": 1.62, ""currency"": ""USD""}",yfinance,2026-08-03
AMT,2023-12-27,dividend,,"{""amount"": 1.7, ""currency"": ""USD""}",yfinance,2026-08-03
AMT,2024-04-11,dividend,,"{""amount"": 1.62, ""currency"": ""USD""}",yfinance,2026-08-03
AMT,2024-06-14,dividend,,"{""amount"": 1.62, ""currency"": ""USD""}",yfinance,2026-08-03
AMT,2024-10-09,dividend,,"{""amount"": 1.62, ""currency"": ""USD""}",yfinance,2026-08-03
AMT,2024-12-27,dividend,,"{""amount"": 1.62, ""currency"": ""USD""}",yfinance,2026-08-03
AMT,2025-04-11,dividend,,"{""amount"": 1.7, ""currency"": ""USD""}",yfinance,2026-08-03
AMT,2025-06-13,dividend,,"{""amount"": 1.7, ""currency"": ""USD""}",yfinance,2026-08-03
AMT,2025-09-30,dividend,,"{""amount"": 1.7, ""currency"": ""USD""}",yfinance,2026-08-03
AMT,2025-12-29,dividend,,"{""amount"": 1.7, ""currency"": ""USD""}",yfinance,2026-08-03
AMT,2026-04-14,dividend,,"{""amount"": 1.79, ""currency"": ""USD""}",yfinance,2026-08-03
AMT,2026-06-12,dividend,,"{""amount"": 1.79, ""currency"": ""USD""}",yfinance,2026-08-03
AVGO,2023-12-19,dividend,,"{""amount"": 0.525, ""currency"": ""USD""}",yfinance,2026-08-03
AVGO,2024-03-20,dividend,,"{""amount"": 0.525, ""currency"": ""USD""}",yfinance,2026-08-03
AVGO,2024-06-24,dividend,,"{""amount"": 0.525, ""currency"": ""USD""}",yfinance,2026-08-03
AVGO,2024-07-15,split,10.0,"{""stock_split_field"": 10.0}",yfinance,2026-08-03
AVGO,2024-09-19,dividend,,"{""amount"": 0.53, ""currency"": ""USD""}",yfinance,2026-08-03
AVGO,2024-12-23,dividend,,"{""amount"": 0.59, ""currency"": ""USD""}",yfinance,2026-08-03
AVGO,2025-03-20,dividend,,"{""amount"": 0.59, ""currency"": ""USD""}",yfinance,2026-08-03
AVGO,2025-06-20,dividend,,"{""amount"": 0.59, ""currency"": ""USD""}",yfinance,2026-08-03
AVGO,2025-09-22,dividend,,"{""amount"": 0.59, ""currency"": ""USD""}",yfinance,2026-08-03
AVGO,2025-12-22,dividend,,"{""amount"": 0.65, ""currency"": ""USD""}",yfinance,2026-08-03
AVGO,2026-03-23,dividend,,"{""amount"": 0.65, ""currency"": ""USD""}",yfinance,2026-08-03
AVGO,2026-06-22,dividend,,"{""amount"": 0.65, ""currency"": ""USD""}",yfinance,2026-08-03
AXP,2023-10-05,dividend,,"{""amount"": 0.6, ""currency"": ""USD""}",yfinance,2026-08-03
AXP,2024-01-04,dividend,,"{""amount"": 0.6, ""currency"": ""USD""}",yfinance,2026-08-03
AXP,2024-04-04,dividend,,"{""amount"": 0.7, ""currency"": ""USD""}",yfinance,2026-08-03
AXP,2024-07-05,dividend,,"{""amount"": 0.7, ""currency"": ""USD""}",yfinance,2026-08-03
AXP,2024-10-04,dividend,,"{""amount"": 0.7, ""currency"": ""USD""}",yfinance,2026-08-03
AXP,2025-01-03,dividend,,"{""amount"": 0.7, ""currency"": ""USD""}",yfinance,2026-08-03
AXP,2025-04-04,dividend,,"{""amount"": 0.82, ""currency"": ""USD""}",yfinance,2026-08-03
AXP,2025-07-03,dividend,,"{""amount"": 0.82, ""currency"": ""USD""}",yfinance,2026-08-03
AXP,2025-10-10,dividend,,"{""amount"": 0.82, ""currency"": ""USD""}",yfinance,2026-08-03
AXP,2026-01-02,dividend,,"{""amount"": 0.82, ""currency"": ""USD""}",yfinance,2026-08-03
AXP,2026-04-02,dividend,,"{""amount"": 0.95, ""currency"": ""USD""}",yfinance,2026-08-03
AXP,2026-07-02,dividend,,"{""amount"": 0.95, ""currency"": ""USD""}",yfinance,2026-08-03
BAC,2023-11-30,dividend,,"{""amount"": 0.24, ""currency"": ""USD""}",yfinance,2026-08-03
BAC,2024-02-29,dividend,,"{""amount"": 0.24, ""currency"": ""USD""}",yfinance,2026-08-03
BAC,2024-06-07,dividend,,"{""amount"": 0.24, ""currency"": ""USD""}",yfinance,2026-08-03
BAC,2024-09-06,dividend,,"{""amount"": 0.26, ""currency"": ""USD""}",yfinance,2026-08-03
BAC,2024-12-06,dividend,,"{""amount"": 0.26, ""currency"": ""USD""}",yfinance,2026-08-03
BAC,2025-03-07,dividend,,"{""amount"": 0.26, ""currency"": ""USD""}",yfinance,2026-08-03
BAC,2025-06-06,dividend,,"{""amount"": 0.26, ""currency"": ""USD""}",yfinance,2026-08-03
BAC,2025-09-05,dividend,,"{""amount"": 0.28, ""currency"": ""USD""}",yfinance,2026-08-03
BAC,2025-12-05,dividend,,"{""amount"": 0.28, ""currency"": ""USD""}",yfinance,2026-08-03
BAC,2026-03-06,dividend,,"{""amount"": 0.28, ""currency"": ""USD""}",yfinance,2026-08-03
BAC,2026-06-05,dividend,,"{""amount"": 0.28, ""currency"": ""USD""}",yfinance,2026-08-03
BKNG,2024-03-07,dividend,,"{""amount"": 0.35, ""currency"": ""USD""}",yfinance,2026-08-03
BKNG,2024-06-07,dividend,,"{""amount"": 0.35, ""currency"": ""USD""}",yfinance,2026-08-03
BKNG,2024-09-06,dividend,,"{""amount"": 0.35, ""currency"": ""USD""}",yfinance,2026-08-03
BKNG,2024-12-06,dividend,,"{""amount"": 0.35, ""currency"": ""USD""}",yfinance,2026-08-03
BKNG,2025-03-07,dividend,,"{""amount"": 0.384, ""currency"": ""USD""}",yfinance,2026-08-03
BKNG,2025-06-06,dividend,,"{""amount"": 0.384, ""currency"": ""USD""}",yfinance,2026-08-03
BKNG,2025-09-05,dividend,,"{""amount"": 0.384, ""currency"": ""USD""}",yfinance,2026-08-03
BKNG,2025-12-05,dividend,,"{""amount"": 0.384, ""currency"": ""USD""}",yfinance,2026-08-03
BKNG,2026-03-06,dividend,,"{""amount"": 0.42, ""currency"": ""USD""}",yfinance,2026-08-03
BKNG,2026-04-06,split,25.0,"{""stock_split_field"": 25.0}",yfinance,2026-08-03
BKNG,2026-06-05,dividend,,"{""amount"": 0.42, ""currency"": ""USD""}",yfinance,2026-08-03
BLK,2023-12-06,dividend,,"{""amount"": 5.0, ""currency"": ""USD""}",yfinance,2026-08-03
BLK,2024-03-06,dividend,,"{""amount"": 5.1, ""currency"": ""USD""}",yfinance,2026-08-03
BLK,2024-06-07,dividend,,"{""amount"": 5.1, ""currency"": ""USD""}",yfinance,2026-08-03
BLK,2024-09-09,dividend,,"{""amount"": 5.1, ""currency"": ""USD""}",yfinance,2026-08-03
BLK,2024-12-05,dividend,,"{""amount"": 5.1, ""currency"": ""USD""}",yfinance,2026-08-03
BLK,2025-03-07,dividend,,"{""amount"": 5.21, ""currency"": ""USD""}",yfinance,2026-08-03
BLK,2025-06-05,dividend,,"{""amount"": 5.21, ""currency"": ""USD""}",yfinance,2026-08-03
BLK,2025-09-05,dividend,,"{""amount"": 5.21, ""currency"": ""USD""}",yfinance,2026-08-03
BLK,2025-12-05,dividend,,"{""amount"": 5.21, ""currency"": ""USD""}",yfinance,2026-08-03
BLK,2026-03-06,dividend,,"{""amount"": 5.73, ""currency"": ""USD""}",yfinance,2026-08-03
BLK,2026-06-05,dividend,,"{""amount"": 5.73, ""currency"": ""USD""}",yfinance,2026-08-03
BMY,2023-10-05,dividend,,"{""amount"": 0.57, ""currency"": ""USD""}",yfinance,2026-08-03
BMY,2024-01-04,dividend,,"{""amount"": 0.6, ""currency"": ""USD""}",yfinance,2026-08-03
BMY,2024-04-04,dividend,,"{""amount"": 0.6, ""currency"": ""USD""}",yfinance,2026-08-03
BMY,2024-07-05,dividend,,"{""amount"": 0.6, ""currency"": ""USD""}",yfinance,2026-08-03
BMY,2024-10-04,dividend,,"{""amount"": 0.6, ""currency"": ""USD""}",yfinance,2026-08-03
BMY,2025-01-03,dividend,,"{""amount"": 0.62, ""currency"": ""USD""}",yfinance,2026-08-03
BMY,2025-04-04,dividend,,"{""amount"": 0.62, ""currency"": ""USD""}",yfinance,2026-08-03
BMY,2025-07-03,dividend,,"{""amount"": 0.62, ""currency"": ""USD""}",yfinance,2026-08-03
BMY,2025-10-03,dividend,,"{""amount"": 0.62, ""currency"": ""USD""}",yfinance,2026-08-03
BMY,2026-01-02,dividend,,"{""amount"": 0.63, ""currency"": ""USD""}",yfinance,2026-08-03
BMY,2026-04-02,dividend,,"{""amount"": 0.63, ""currency"": ""USD""}",yfinance,2026-08-03
BMY,2026-07-02,dividend,,"{""amount"": 0.63, ""currency"": ""USD""}",yfinance,2026-08-03
BNY,2023-10-26,dividend,,"{""amount"": 0.42, ""currency"": ""USD""}",yfinance,2026-08-03
BNY,2024-01-19,dividend,,"{""amount"": 0.42, ""currency"": ""USD""}",yfinance,2026-08-03
BNY,2024-04-25,dividend,,"{""amount"": 0.42, ""currency"": ""USD""}",yfinance,2026-08-03
BNY,2024-07-22,dividend,,"{""amount"": 0.47, ""currency"": ""USD""}",yfinance,2026-08-03
BNY,2024-10-21,dividend,,"{""amount"": 0.47, ""currency"": ""USD""}",yfinance,2026-08-03
BNY,2025-01-27,dividend,,"{""amount"": 0.47, ""currency"": ""USD""}",yfinance,2026-08-03
BNY,2025-04-21,dividend,,"{""amount"": 0.47, ""currency"": ""USD""}",yfinance,2026-08-03
BNY,2025-07-25,dividend,,"{""amount"": 0.53, ""currency"": ""USD""}",yfinance,2026-08-03
BNY,2025-10-27,dividend,,"{""amount"": 0.53, ""currency"": ""USD""}",yfinance,2026-08-03
BNY,2026-01-23,dividend,,"{""amount"": 0.53, ""currency"": ""USD""}",yfinance,2026-08-03
BNY,2026-04-27,dividend,,"{""amount"": 0.53, ""currency"": ""USD""}",yfinance,2026-08-03
BNY,2026-07-27,dividend,,"{""amount"": 0.63, ""currency"": ""USD""}",yfinance,2026-08-03
C,2023-11-03,dividend,,"{""amount"": 0.53, ""currency"": ""USD""}",yfinance,2026-08-03
C,2024-02-02,dividend,,"{""amount"": 0.53, ""currency"": ""USD""}",yfinance,2026-08-03
C,2024-05-03,dividend,,"{""amount"": 0.53, ""currency"": ""USD""}",yfinance,2026-08-03
C,2024-08-05,dividend,,"{""amount"": 0.56, ""currency"": ""USD""}",yfinance,2026-08-03
C,2024-11-04,dividend,,"{""amount"": 0.56, ""currency"": ""USD""}",yfinance,2026-08-03
C,2025-02-03,dividend,,"{""amount"": 0.56, ""currency"": ""USD""}",yfinance,2026-08-03
C,2025-05-05,dividend,,"{""amount"": 0.56, ""currency"": ""USD""}",yfinance,2026-08-03
C,2025-08-04,dividend,,"{""amount"": 0.6, ""currency"": ""USD""}",yfinance,2026-08-03
C,2025-11-03,dividend,,"{""amount"": 0.6, ""currency"": ""USD""}",yfinance,2026-08-03
C,2026-02-02,dividend,,"{""amount"": 0.6, ""currency"": ""USD""}",yfinance,2026-08-03
C,2026-05-04,dividend,,"{""amount"": 0.6, ""currency"": ""USD""}",yfinance,2026-08-03
CAT,2023-10-20,dividend,,"{""amount"": 1.3, ""currency"": ""USD""}",yfinance,2026-08-03
CAT,2024-01-19,dividend,,"{""amount"": 1.3, ""currency"": ""USD""}",yfinance,2026-08-03
CAT,2024-04-19,dividend,,"{""amount"": 1.3, ""currency"": ""USD""}",yfinance,2026-08-03
CAT,2024-07-22,dividend,,"{""amount"": 1.41, ""currency"": ""USD""}",yfinance,2026-08-03
CAT,2024-10-21,dividend,,"{""amount"": 1.41, ""currency"": ""USD""}",yfinance,2026-08-03
CAT,2025-01-21,dividend,,"{""amount"": 1.41, ""currency"": ""USD""}",yfinance,2026-08-03
CAT,2025-04-21,dividend,,"{""amount"": 1.41, ""currency"": ""USD""}",yfinance,2026-08-03
CAT,2025-07-21,dividend,,"{""amount"": 1.51, ""currency"": ""USD""}",yfinance,2026-08-03
CAT,2025-10-20,dividend,,"{""amount"": 1.51, ""currency"": ""USD""}",yfinance,2026-08-03
CAT,2026-01-20,dividend,,"{""amount"": 1.51, ""currency"": ""USD""}",yfinance,2026-08-03
CAT,2026-04-20,dividend,,"{""amount"": 1.51, ""currency"": ""USD""}",yfinance,2026-08-03
CAT,2026-07-20,dividend,,"{""amount"": 1.63, ""currency"": ""USD""}",yfinance,2026-08-03
CL,2023-10-20,dividend,,"{""amount"": 0.48, ""currency"": ""USD""}",yfinance,2026-08-03
CL,2024-01-19,dividend,,"{""amount"": 0.48, ""currency"": ""USD""}",yfinance,2026-08-03
CL,2024-04-19,dividend,,"{""amount"": 0.5, ""currency"": ""USD""}",yfinance,2026-08-03
CL,2024-07-19,dividend,,"{""amount"": 0.5, ""currency"": ""USD""}",yfinance,2026-08-03
CL,2024-10-18,dividend,,"{""amount"": 0.5, ""currency"": ""USD""}",yfinance,2026-08-03
CL,2025-01-21,dividend,,"{""amount"": 0.5, ""currency"": ""USD""}",yfinance,2026-08-03
CL,2025-04-17,dividend,,"{""amount"": 0.52, ""currency"": ""USD""}",yfinance,2026-08-03
CL,2025-07-18,dividend,,"{""amount"": 0.52, ""currency"": ""USD""}",yfinance,2026-08-03
CL,2025-10-17,dividend,,"{""amount"": 0.52, ""currency"": ""USD""}",yfinance,2026-08-03
CL,2026-01-21,dividend,,"{""amount"": 0.52, ""currency"": ""USD""}",yfinance,2026-08-03
CL,2026-04-20,dividend,,"{""amount"": 0.53, ""currency"": ""USD""}",yfinance,2026-08-03
CL,2026-07-20,dividend,,"{""amount"": 0.53, ""currency"": ""USD""}",yfinance,2026-08-03
CMCSA,2023-10-03,dividend,,"{""amount"": 0.27179, ""currency"": ""USD""}",yfinance,2026-08-03
CMCSA,2024-01-02,dividend,,"{""amount"": 0.27179, ""currency"": ""USD""}",yfinance,2026-08-03
CMCSA,2024-04-02,dividend,,"{""amount"": 0.290534, ""currency"": ""USD""}",yfinance,2026-08-03
CMCSA,2024-07-03,dividend,,"{""amount"": 0.290534, ""currency"": ""USD""}",yfinance,2026-08-03
CMCSA,2024-10-02,dividend,,"{""amount"": 0.290534, ""currency"": ""USD""}",yfinance,2026-08-03
CMCSA,2025-01-08,dividend,,"{""amount"": 0.290534, ""currency"": ""USD""}",yfinance,2026-08-03
CMCSA,2025-04-02,dividend,,"{""amount"": 0.309278, ""currency"": ""USD""}",yfinance,2026-08-03
CMCSA,2025-07-02,dividend,,"{""amount"": 0.309278, ""currency"": ""USD""}",yfinance,2026-08-03
CMCSA,2025-10-01,dividend,,"{""amount"": 0.309278, ""currency"": ""USD""}",yfinance,2026-08-03
CMCSA,2026-01-05,spinoff,1.067,"{""stock_split_field"": 1.067, ""classification_note"": ""Yahoo spin-off encoding (non-integer or <2 factor); spawned entity and terms require curation""}",yfinance,2026-08-03
CMCSA,2026-01-14,dividend,,"{""amount"": 0.33, ""currency"": ""USD""}",yfinance,2026-08-03
CMCSA,2026-04-01,dividend,,"{""amount"": 0.33, ""currency"": ""USD""}",yfinance,2026-08-03
CMCSA,2026-07-01,dividend,,"{""amount"": 0.33, ""currency"": ""USD""}",yfinance,2026-08-03
COF,2023-11-10,dividend,,"{""amount"": 0.6, ""currency"": ""USD""}",yfinance,2026-08-03
COF,2024-02-09,dividend,,"{""amount"": 0.6, ""currency"": ""USD""}",yfinance,2026-08-03
COF,2024-05-10,dividend,,"{""amount"": 0.6, ""currency"": ""USD""}",yfinance,2026-08-03
COF,2024-08-12,dividend,,"{""amount"": 0.6, ""currency"": ""USD""}",yfinance,2026-08-03
COF,2024-11-14,dividend,,"{""amount"": 0.6, ""currency"": ""USD""}",yfinance,2026-08-03
COF,2025-02-18,dividend,,"{""amount"": 0.6, ""currency"": ""USD""}",yfinance,2026-08-03
COF,2025-05-23,dividend,,"{""amount"": 0.6, ""currency"": ""USD""}",yfinance,2026-08-03
COF,2025-08-15,dividend,,"{""amount"": 0.6, ""currency"": ""USD""}",yfinance,2026-08-03
COF,2025-11-17,dividend,,"{""amount"": 0.8, ""currency"": ""USD""}",yfinance,2026-08-03
COF,2026-02-19,dividend,,"{""amount"": 0.8, ""currency"": ""USD""}",yfinance,2026-08-03
COF,2026-05-19,dividend,,"{""amount"": 0.8, ""currency"": ""USD""}",yfinance,2026-08-03
COP,2023-11-13,dividend,,"{""amount"": 0.58, ""currency"": ""USD""}",yfinance,2026-08-03
COP,2024-02-15,dividend,,"{""amount"": 0.78, ""currency"": ""USD""}",yfinance,2026-08-03
COP,2024-05-10,dividend,,"{""amount"": 0.78, ""currency"": ""USD""}",yfinance,2026-08-03
COP,2024-08-12,dividend,,"{""amount"": 0.78, ""currency"": ""USD""}",yfinance,2026-08-03
COP,2024-11-08,dividend,,"{""amount"": 0.78, ""currency"": ""USD""}",yfinance,2026-08-03
COP,2025-02-14,dividend,,"{""amount"": 0.78, ""currency"": ""USD""}",yfinance,2026-08-03
COP,2025-05-19,dividend,,"{""amount"": 0.78, ""currency"": ""USD""}",yfinance,2026-08-03
COP,2025-08-18,dividend,,"{""amount"": 0.78, ""currency"": ""USD""}",yfinance,2026-08-03
COP,2025-11-17,dividend,,"{""amount"": 0.84, ""currency"": ""USD""}",yfinance,2026-08-03
COP,2026-02-18,dividend,,"{""amount"": 0.84, ""currency"": ""USD""}",yfinance,2026-08-03
COP,2026-05-11,dividend,,"{""amount"": 0.84, ""currency"": ""USD""}",yfinance,2026-08-03
COST,2023-11-02,dividend,,"{""amount"": 1.02, ""currency"": ""USD""}",yfinance,2026-08-03
COST,2023-12-27,dividend,,"{""amount"": 15.0, ""currency"": ""USD""}",yfinance,2026-08-03
COST,2024-02-01,dividend,,"{""amount"": 1.02, ""currency"": ""USD""}",yfinance,2026-08-03
COST,2024-04-25,dividend,,"{""amount"": 1.16, ""currency"": ""USD""}",yfinance,2026-08-03
COST,2024-07-26,dividend,,"{""amount"": 1.16, ""currency"": ""USD""}",yfinance,2026-08-03
COST,2024-11-01,dividend,,"{""amount"": 1.16, ""currency"": ""USD""}",yfinance,2026-08-03
COST,2025-02-07,dividend,,"{""amount"": 1.16, ""currency"": ""USD""}",yfinance,2026-08-03
COST,2025-05-02,dividend,,"{""amount"": 1.3, ""currency"": ""USD""}",yfinance,2026-08-03
COST,2025-08-01,dividend,,"{""amount"": 1.3, ""currency"": ""USD""}",yfinance,2026-08-03
COST,2025-10-31,dividend,,"{""amount"": 1.3, ""currency"": ""USD""}",yfinance,2026-08-03
COST,2026-01-30,dividend,,"{""amount"": 1.3, ""currency"": ""USD""}",yfinance,2026-08-03
COST,2026-05-01,dividend,,"{""amount"": 1.47, ""currency"": ""USD""}",yfinance,2026-08-03
COST,2026-07-24,dividend,,"{""amount"": 1.47, ""currency"": ""USD""}",yfinance,2026-08-03
CRM,2024-03-13,dividend,,"{""amount"": 0.4, ""currency"": ""USD""}",yfinance,2026-08-03
CRM,2024-07-09,dividend,,"{""amount"": 0.4, ""currency"": ""USD""}",yfinance,2026-08-03
CRM,2024-09-18,dividend,,"{""amount"": 0.4, ""currency"": ""USD""}",yfinance,2026-08-03
CRM,2024-12-18,dividend,,"{""amount"": 0.4, ""currency"": ""USD""}",yfinance,2026-08-03
CRM,2025-04-10,dividend,,"{""amount"": 0.416, ""currency"": ""USD""}",yfinance,2026-08-03
CRM,2025-06-18,dividend,,"{""amount"": 0.416, ""currency"": ""USD""}",yfinance,2026-08-03
CRM,2025-09-17,dividend,,"{""amount"": 0.416, ""currency"": ""USD""}",yfinance,2026-08-03
CRM,2025-12-18,dividend,,"{""amount"": 0.416, ""currency"": ""USD""}",yfinance,2026-08-03
CRM,2026-04-09,dividend,,"{""amount"": 0.44, ""currency"": ""USD""}",yfinance,2026-08-03
CRM,2026-06-11,dividend,,"{""amount"": 0.44, ""currency"": ""USD""}",yfinance,2026-08-03
CSCO,2023-10-03,dividend,,"{""amount"": 0.39, ""currency"": ""USD""}",yfinance,2026-08-03
CSCO,2024-01-03,dividend,,"{""amount"": 0.39, ""currency"": ""USD""}",yfinance,2026-08-03
CSCO,2024-04-03,dividend,,"{""amount"": 0.4, ""currency"": ""USD""}",yfinance,2026-08-03
CSCO,2024-07-05,dividend,,"{""amount"": 0.4, ""currency"": ""USD""}",yfinance,2026-08-03
CSCO,2024-10-02,dividend,,"{""amount"": 0.4, ""currency"": ""USD""}",yfinance,2026-08-03
CSCO,2025-01-03,dividend,,"{""amount"": 0.4, ""currency"": ""USD""}",yfinance,2026-08-03
CSCO,2025-04-03,dividend,,"{""amount"": 0.41, ""currency"": ""USD""}",yfinance,2026-08-03
CSCO,2025-07-03,dividend,,"{""amount"": 0.41, ""currency"": ""USD""}",yfinance,2026-08-03
CSCO,2025-10-03,dividend,,"{""amount"": 0.41, ""currency"": ""USD""}",yfinance,2026-08-03
CSCO,2026-01-02,dividend,,"{""amount"": 0.41, ""currency"": ""USD""}",yfinance,2026-08-03
CSCO,2026-04-02,dividend,,"{""amount"": 0.42, ""currency"": ""USD""}",yfinance,2026-08-03
CSCO,2026-07-06,dividend,,"{""amount"": 0.42, ""currency"": ""USD""}",yfinance,2026-08-03
CVS,2023-10-19,dividend,,"{""amount"": 0.605, ""currency"": ""USD""}",yfinance,2026-08-03
CVS,2024-01-19,dividend,,"{""amount"": 0.665, ""currency"": ""USD""}",yfinance,2026-08-03
CVS,2024-04-19,dividend,,"{""amount"": 0.665, ""currency"": ""USD""}",yfinance,2026-08-03
CVS,2024-07-22,dividend,,"{""amount"": 0.665, ""currency"": ""USD""}",yfinance,2026-08-03
CVS,2024-10-21,dividend,,"{""amount"": 0.665, ""currency"": ""USD""}",yfinance,2026-08-03
CVS,2025-01-23,dividend,,"{""amount"": 0.665, ""currency"": ""USD""}",yfinance,2026-08-03
CVS,2025-04-22,dividend,,"{""amount"": 0.665, ""currency"": ""USD""}",yfinance,2026-08-03
CVS,2025-07-22,dividend,,"{""amount"": 0.665, ""currency"": ""USD""}",yfinance,2026-08-03
CVS,2025-10-23,dividend,,"{""amount"": 0.665, ""currency"": ""USD""}",yfinance,2026-08-03
CVS,2026-01-22,dividend,,"{""amount"": 0.665, ""currency"": ""USD""}",yfinance,2026-08-03
CVS,2026-04-23,dividend,,"{""amount"": 0.665, ""currency"": ""USD""}",yfinance,2026-08-03
CVS,2026-07-23,dividend,,"{""amount"": 0.665, ""currency"": ""USD""}",yfinance,2026-08-03
CVX,2023-11-16,dividend,,"{""amount"": 1.51, ""currency"": ""USD""}",yfinance,2026-08-03
CVX,2024-02-15,dividend,,"{""amount"": 1.63, ""currency"": ""USD""}",yfinance,2026-08-03
CVX,2024-05-16,dividend,,"{""amount"": 1.63, ""currency"": ""USD""}",yfinance,2026-08-03
CVX,2024-08-19,dividend,,"{""amount"": 1.63, ""currency"": ""USD""}",yfinance,2026-08-03
CVX,2024-11-18,dividend,,"{""amount"": 1.63, ""currency"": ""USD""}",yfinance,2026-08-03
CVX,2025-02-14,dividend,,"{""amount"": 1.71, ""currency"": ""USD""}",yfinance,2026-08-03
CVX,2025-05-19,dividend,,"{""amount"": 1.71, ""currency"": ""USD""}",yfinance,2026-08-03
CVX,2025-08-19,dividend,,"{""amount"": 1.71, ""currency"": ""USD""}",yfinance,2026-08-03
CVX,2025-11-18,dividend,,"{""amount"": 1.71, ""currency"": ""USD""}",yfinance,2026-08-03
CVX,2026-02-17,dividend,,"{""amount"": 1.78, ""currency"": ""USD""}",yfinance,2026-08-03
CVX,2026-05-19,dividend,,"{""amount"": 1.78, ""currency"": ""USD""}",yfinance,2026-08-03
DE,2023-12-28,dividend,,"{""amount"": 1.47, ""currency"": ""USD""}",yfinance,2026-08-03
DE,2024-03-27,dividend,,"{""amount"": 1.47, ""currency"": ""USD""}",yfinance,2026-08-03
DE,2024-06-28,dividend,,"{""amount"": 1.47, ""currency"": ""USD""}",yfinance,2026-08-03
DE,2024-09-30,dividend,,"{""amount"": 1.47, ""currency"": ""USD""}",yfinance,2026-08-03
DE,2024-12-31,dividend,,"{""amount"": 1.62, ""currency"": ""USD""}",yfinance,2026-08-03
DE,2025-03-31,dividend,,"{""amount"": 1.62, ""currency"": ""USD""}",yfinance,2026-08-03
DE,2025-06-30,dividend,,"{""amount"": 1.62, ""currency"": ""USD""}",yfinance,2026-08-03
DE,2025-09-30,dividend,,"{""amount"": 1.62, ""currency"": ""USD""}",yfinance,2026-08-03
DE,2025-12-31,dividend,,"{""amount"": 1.62, ""currency"": ""USD""}",yfinance,2026-08-03
DE,2026-03-31,dividend,,"{""amount"": 1.62, ""currency"": ""USD""}",yfinance,2026-08-03
DE,2026-06-30,dividend,,"{""amount"": 1.62, ""currency"": ""USD""}",yfinance,2026-08-03
DHR,2023-10-02,spinoff,1.128,"{""stock_split_field"": 1.128, ""classification_note"": ""Yahoo spin-off encoding (non-integer or <2 factor); spawned entity and terms require curation""}",yfinance,2026-08-03
DHR,2023-10-11,dividend,,"{""amount"": 0.27, ""currency"": ""USD""}",yfinance,2026-08-03
DHR,2023-12-28,dividend,,"{""amount"": 0.24, ""currency"": ""USD""}",yfinance,2026-08-03
DHR,2024-03-27,dividend,,"{""amount"": 0.27, ""currency"": ""USD""}",yfinance,2026-08-03
DHR,2024-06-28,dividend,,"{""amount"": 0.27, ""currency"": ""USD""}",yfinance,2026-08-03
DHR,2024-09-27,dividend,,"{""amount"": 0.27, ""currency"": ""USD""}",yfinance,2026-08-03
DHR,2024-12-27,dividend,,"{""amount"": 0.27, ""currency"": ""USD""}",yfinance,2026-08-03
DHR,2025-03-28,dividend,,"{""amount"": 0.32, ""currency"": ""USD""}",yfinance,2026-08-03
DHR,2025-06-27,dividend,,"{""amount"": 0.32, ""currency"": ""USD""}",yfinance,2026-08-03
DHR,2025-09-26,dividend,,"{""amount"": 0.32, ""currency"": ""USD""}",yfinance,2026-08-03
DHR,2025-12-26,dividend,,"{""amount"": 0.32, ""currency"": ""USD""}",yfinance,2026-08-03
DHR,2026-03-27,dividend,,"{""amount"": 0.4, ""currency"": ""USD""}",yfinance,2026-08-03
DHR,2026-06-26,dividend,,"{""amount"": 0.4, ""currency"": ""USD""}",yfinance,2026-08-03
DIS,2023-12-08,dividend,,"{""amount"": 0.3, ""currency"": ""USD""}",yfinance,2026-08-03
DIS,2024-07-08,dividend,,"{""amount"": 0.45, ""currency"": ""USD""}",yfinance,2026-08-03
DIS,2024-12-16,dividend,,"{""amount"": 0.5, ""currency"": ""USD""}",yfinance,2026-08-03
DIS,2025-06-24,dividend,,"{""amount"": 0.5, ""currency"": ""USD""}",yfinance,2026-08-03
DIS,2025-12-15,dividend,,"{""amount"": 0.75, ""currency"": ""USD""}",yfinance,2026-08-03
DIS,2026-06-30,dividend,,"{""amount"": 0.75, ""currency"": ""USD""}",yfinance,2026-08-03
DOW,2023-11-29,dividend,,"{""amount"": 0.7, ""currency"": ""USD""}",yfinance,2026-08-03
DOW,2024-02-28,dividend,,"{""amount"": 0.7, ""currency"": ""USD""}",yfinance,2026-08-03
DOW,2024-05-31,dividend,,"{""amount"": 0.7, ""currency"": ""USD""}",yfinance,2026-08-03
DOW,2024-08-30,dividend,,"{""amount"": 0.7, ""currency"": ""USD""}",yfinance,2026-08-03
DOW,2024-11-29,dividend,,"{""amount"": 0.7, ""currency"": ""USD""}",yfinance,2026-08-03
DOW,2025-02-28,dividend,,"{""amount"": 0.7, ""currency"": ""USD""}",yfinance,2026-08-03
DOW,2025-05-30,dividend,,"{""amount"": 0.7, ""currency"": ""USD""}",yfinance,2026-08-03
DOW,2025-08-29,dividend,,"{""amount"": 0.35, ""currency"": ""USD""}",yfinance,2026-08-03
DOW,2025-11-28,dividend,,"{""amount"": 0.35, ""currency"": ""USD""}",yfinance,2026-08-03
DOW,2026-02-27,dividend,,"{""amount"": 0.35, ""currency"": ""USD""}",yfinance,2026-08-03
DOW,2026-05-29,dividend,,"{""amount"": 0.35, ""currency"": ""USD""}",yfinance,2026-08-03
DUK,2023-11-16,dividend,,"{""amount"": 1.025, ""currency"": ""USD""}",yfinance,2026-08-03
DUK,2024-02-15,dividend,,"{""amount"": 1.025, ""currency"": ""USD""}",yfinance,2026-08-03
DUK,2024-05-16,dividend,,"{""amount"": 1.025, ""currency"": ""USD""}",yfinance,2026-08-03
DUK,2024-08-16,dividend,,"{""amount"": 1.045, ""currency"": ""USD""}",yfinance,2026-08-03
DUK,2024-11-15,dividend,,"{""amount"": 1.045, ""currency"": ""USD""}",yfinance,2026-08-03
DUK,2025-02-14,dividend,,"{""amount"": 1.045, ""currency"": ""USD""}",yfinance,2026-08-03
DUK,2025-05-16,dividend,,"{""amount"": 1.045, ""currency"": ""USD""}",yfinance,2026-08-03
DUK,2025-08-15,dividend,,"{""amount"": 1.065, ""currency"": ""USD""}",yfinance,2026-08-03
DUK,2025-11-14,dividend,,"{""amount"": 1.065, ""currency"": ""USD""}",yfinance,2026-08-03
DUK,2026-02-13,dividend,,"{""amount"": 1.065, ""currency"": ""USD""}",yfinance,2026-08-03
DUK,2026-05-15,dividend,,"{""amount"": 1.065, ""currency"": ""USD""}",yfinance,2026-08-03
EMR,2023-11-16,dividend,,"{""amount"": 0.525, ""currency"": ""USD""}",yfinance,2026-08-03
EMR,2024-02-15,dividend,,"{""amount"": 0.525, ""currency"": ""USD""}",yfinance,2026-08-03
EMR,2024-05-16,dividend,,"{""amount"": 0.525, ""currency"": ""USD""}",yfinance,2026-08-03
EMR,2024-08-16,dividend,,"{""amount"": 0.525, ""currency"": ""USD""}",yfinance,2026-08-03
EMR,2024-11-15,dividend,,"{""amount"": 0.528, ""currency"": ""USD""}",yfinance,2026-08-03
EMR,2025-02-14,dividend,,"{""amount"": 0.528, ""currency"": ""USD""}",yfinance,2026-08-03
EMR,2025-05-16,dividend,,"{""amount"": 0.528, ""currency"": ""USD""}",yfinance,2026-08-03
EMR,2025-08-15,dividend,,"{""amount"": 0.528, ""currency"": ""USD""}",yfinance,2026-08-03
EMR,2025-11-14,dividend,,"{""amount"": 0.555, ""currency"": ""USD""}",yfinance,2026-08-03
EMR,2026-02-13,dividend,,"{""amount"": 0.555, ""currency"": ""USD""}",yfinance,2026-08-03
EMR,2026-05-15,dividend,,"{""amount"": 0.555, ""currency"": ""USD""}",yfinance,2026-08-03
EXC,2023-11-14,dividend,,"{""amount"": 0.36, ""currency"": ""USD""}",yfinance,2026-08-03
EXC,2024-03-01,dividend,,"{""amount"": 0.38, ""currency"": ""USD""}",yfinance,2026-08-03
EXC,2024-05-10,dividend,,"{""amount"": 0.38, ""currency"": ""USD""}",yfinance,2026-08-03
EXC,2024-08-12,dividend,,"{""amount"": 0.38, ""currency"": ""USD""}",yfinance,2026-08-03
EXC,2024-11-08,dividend,,"{""amount"": 0.38, ""currency"": ""USD""}",yfinance,2026-08-03
EXC,2025-02-24,dividend,,"{""amount"": 0.4, ""currency"": ""USD""}",yfinance,2026-08-03
EXC,2025-05-12,dividend,,"{""amount"": 0.4, ""currency"": ""USD""}",yfinance,2026-08-03
EXC,2025-08-11,dividend,,"{""amount"": 0.4, ""currency"": ""USD""}",yfinance,2026-08-03
EXC,2025-11-10,dividend,,"{""amount"": 0.4, ""currency"": ""USD""}",yfinance,2026-08-03
EXC,2026-03-02,dividend,,"{""amount"": 0.42, ""currency"": ""USD""}",yfinance,2026-08-03
EXC,2026-06-04,dividend,,"{""amount"": 0.42, ""currency"": ""USD""}",yfinance,2026-08-03
F,2023-10-31,dividend,,"{""amount"": 0.15, ""currency"": ""USD""}",yfinance,2026-08-03
F,2024-02-15,dividend,,"{""amount"": 0.33, ""currency"": ""USD""}",yfinance,2026-08-03
F,2024-05-07,dividend,,"{""amount"": 0.15, ""currency"": ""USD""}",yfinance,2026-08-03
F,2024-08-07,dividend,,"{""amount"": 0.15, ""currency"": ""USD""}",yfinance,2026-08-03
F,2024-11-07,dividend,,"{""amount"": 0.15, ""currency"": ""USD""}",yfinance,2026-08-03
F,2025-02-18,dividend,,"{""amount"": 0.3, ""currency"": ""USD""}",yfinance,2026-08-03
F,2025-05-12,dividend,,"{""amount"": 0.15, ""currency"": ""USD""}",yfinance,2026-08-03
F,2025-08-11,dividend,,"{""amount"": 0.15, ""currency"": ""USD""}",yfinance,2026-08-03
F,2025-11-07,dividend,,"{""amount"": 0.15, ""currency"": ""USD""}",yfinance,2026-08-03
F,2026-02-13,dividend,,"{""amount"": 0.15, ""currency"": ""USD""}",yfinance,2026-08-03
F,2026-05-12,dividend,,"{""amount"": 0.15, ""currency"": ""USD""}",yfinance,2026-08-03
FDX,2023-12-08,dividend,,"{""amount"": 1.01531, ""currency"": ""USD""}",yfinance,2026-08-03
FDX,2024-03-08,dividend,,"{""amount"": 1.01531, ""currency"": ""USD""}",yfinance,2026-08-03
FDX,2024-06-24,dividend,,"{""amount"": 1.112006, ""currency"": ""USD""}",yfinance,2026-08-03
FDX,2024-09-09,dividend,,"{""amount"": 1.112006, ""currency"": ""USD""}",yfinance,2026-08-03
FDX,2024-12-09,dividend,,"{""amount"": 1.112006, ""currency"": ""USD""}",yfinance,2026-08-03
FDX,2025-03-10,dividend,,"{""amount"": 1.112006, ""currency"": ""USD""}",yfinance,2026-08-03
FDX,2025-06-23,dividend,,"{""amount"": 1.168413, ""currency"": ""USD""}",yfinance,2026-08-03
FDX,2025-09-08,dividend,,"{""amount"": 1.168413, ""currency"": ""USD""}",yfinance,2026-08-03
FDX,2025-12-15,dividend,,"{""amount"": 1.168413, ""currency"": ""USD""}",yfinance,2026-08-03
FDX,2026-03-09,dividend,,"{""amount"": 1.168413, ""currency"": ""USD""}",yfinance,2026-08-03
FDX,2026-06-01,spinoff,1.241,"{""stock_split_field"": 1.241, ""classification_note"": ""Yahoo spin-off encoding (non-integer or <2 factor); spawned entity and terms require curation""}",yfinance,2026-08-03
FDX,2026-06-22,dividend,,"{""amount"": 1.22, ""currency"": ""USD""}",yfinance,2026-08-03
GD,2023-10-05,dividend,,"{""amount"": 1.32, ""currency"": ""USD""}",yfinance,2026-08-03
GD,2024-01-18,dividend,,"{""amount"": 1.32, ""currency"": ""USD""}",yfinance,2026-08-03
GD,2024-04-11,dividend,,"{""amount"": 1.42, ""currency"": ""USD""}",yfinance,2026-08-03
GD,2024-07-05,dividend,,"{""amount"": 1.42, ""currency"": ""USD""}",yfinance,2026-08-03
GD,2024-10-11,dividend,,"{""amount"": 1.42, ""currency"": ""USD""}",yfinance,2026-08-03
GD,2025-01-17,dividend,,"{""amount"": 1.42, ""currency"": ""USD""}",yfinance,2026-08-03
GD,2025-04-11,dividend,,"{""amount"": 1.5, ""currency"": ""USD""}",yfinance,2026-08-03
GD,2025-07-03,dividend,,"{""amount"": 1.5, ""currency"": ""USD""}",yfinance,2026-08-03
GD,2025-10-10,dividend,,"{""amount"": 1.5, ""currency"": ""USD""}",yfinance,2026-08-03
GD,2026-01-16,dividend,,"{""amount"": 1.5, ""currency"": ""USD""}",yfinance,2026-08-03
GD,2026-04-10,dividend,,"{""amount"": 1.59, ""currency"": ""USD""}",yfinance,2026-08-03
GD,2026-07-02,dividend,,"{""amount"": 1.59, ""currency"": ""USD""}",yfinance,2026-08-03
GE,2023-12-27,dividend,,"{""amount"": 0.063847, ""currency"": ""USD""}",yfinance,2026-08-03
GE,2024-04-02,spinoff,1.253,"{""stock_split_field"": 1.253, ""classification_note"": ""Yahoo spin-off encoding (non-integer or <2 factor); spawned entity and terms require curation""}",yfinance,2026-08-03
GE,2024-04-12,dividend,,"{""amount"": 0.28, ""currency"": ""USD""}",yfinance,2026-08-03
GE,2024-07-11,dividend,,"{""amount"": 0.28, ""currency"": ""USD""}",yfinance,2026-08-03
GE,2024-09-26,dividend,,"{""amount"": 0.28, ""currency"": ""USD""}",yfinance,2026-08-03
GE,2024-12-27,dividend,,"{""amount"": 0.28, ""currency"": ""USD""}",yfinance,2026-08-03
GE,2025-03-10,dividend,,"{""amount"": 0.36, ""currency"": ""USD""}",yfinance,2026-08-03
GE,2025-07-07,dividend,,"{""amount"": 0.36, ""currency"": ""USD""}",yfinance,2026-08-03
GE,2025-09-29,dividend,,"{""amount"": 0.36, ""currency"": ""USD""}",yfinance,2026-08-03
GE,2025-12-29,dividend,,"{""amount"": 0.36, ""currency"": ""USD""}",yfinance,2026-08-03
GE,2026-03-09,dividend,,"{""amount"": 0.47, ""currency"": ""USD""}",yfinance,2026-08-03
GE,2026-07-06,dividend,,"{""amount"": 0.47, ""currency"": ""USD""}",yfinance,2026-08-03
GEV,2024-12-20,dividend,,"{""amount"": 0.25, ""currency"": ""USD""}",yfinance,2026-08-03
GEV,2025-04-17,dividend,,"{""amount"": 0.25, ""currency"": ""USD""}",yfinance,2026-08-03
GEV,2025-07-21,dividend,,"{""amount"": 0.25, ""currency"": ""USD""}",yfinance,2026-08-03
GEV,2025-10-20,dividend,,"{""amount"": 0.25, ""currency"": ""USD""}",yfinance,2026-08-03
GEV,2026-01-05,dividend,,"{""amount"": 0.5, ""currency"": ""USD""}",yfinance,2026-08-03
GEV,2026-03-17,dividend,,"{""amount"": 0.5, ""currency"": ""USD""}",yfinance,2026-08-03
GEV,2026-06-16,dividend,,"{""amount"": 0.5, ""currency"": ""USD""}",yfinance,2026-08-03
GILD,2023-12-14,dividend,,"{""amount"": 0.75, ""currency"": ""USD""}",yfinance,2026-08-03
GILD,2024-03-14,dividend,,"{""amount"": 0.77, ""currency"": ""USD""}",yfinance,2026-08-03
GILD,2024-06-14,dividend,,"{""amount"": 0.77, ""currency"": ""USD""}",yfinance,2026-08-03
GILD,2024-09-13,dividend,,"{""amount"": 0.77, ""currency"": ""USD""}",yfinance,2026-08-03
GILD,2024-12-13,dividend,,"{""amount"": 0.77, ""currency"": ""USD""}",yfinance,2026-08-03
GILD,2025-03-14,dividend,,"{""amount"": 0.79, ""currency"": ""USD""}",yfinance,2026-08-03
GILD,2025-06-13,dividend,,"{""amount"": 0.79, ""currency"": ""USD""}",yfinance,2026-08-03
GILD,2025-09-15,dividend,,"{""amount"": 0.79, ""currency"": ""USD""}",yfinance,2026-08-03
GILD,2025-12-15,dividend,,"{""amount"": 0.79, ""currency"": ""USD""}",yfinance,2026-08-03
GILD,2026-03-13,dividend,,"{""amount"": 0.82, ""currency"": ""USD""}",yfinance,2026-08-03
GILD,2026-06-15,dividend,,"{""amount"": 0.82, ""currency"": ""USD""}",yfinance,2026-08-03
GM,2023-11-30,dividend,,"{""amount"": 0.09, ""currency"": ""USD""}",yfinance,2026-08-03
GM,2024-02-29,dividend,,"{""amount"": 0.12, ""currency"": ""USD""}",yfinance,2026-08-03
GM,2024-06-07,dividend,,"{""amount"": 0.12, ""currency"": ""USD""}",yfinance,2026-08-03
GM,2024-09-06,dividend,,"{""amount"": 0.12, ""currency"": ""USD""}",yfinance,2026-08-03
GM,2024-12-06,dividend,,"{""amount"": 0.12, ""currency"": ""USD""}",yfinance,2026-08-03
GM,2025-03-07,dividend,,"{""amount"": 0.12, ""currency"": ""USD""}",yfinance,2026-08-03
GM,2025-06-06,dividend,,"{""amount"": 0.15, ""currency"": ""USD""}",yfinance,2026-08-03
GM,2025-09-05,dividend,,"{""amount"": 0.15, ""currency"": ""USD""}",yfinance,2026-08-03
GM,2025-12-05,dividend,,"{""amount"": 0.15, ""currency"": ""USD""}",yfinance,2026-08-03
GM,2026-03-06,dividend,,"{""amount"": 0.18, ""currency"": ""USD""}",yfinance,2026-08-03
GM,2026-06-05,dividend,,"{""amount"": 0.18, ""currency"": ""USD""}",yfinance,2026-08-03
GOOG,2024-06-10,dividend,,"{""amount"": 0.2, ""currency"": ""USD""}",yfinance,2026-08-03
GOOG,2024-09-09,dividend,,"{""amount"": 0.2, ""currency"": ""USD""}",yfinance,2026-08-03
GOOG,2024-12-09,dividend,,"{""amount"": 0.2, ""currency"": ""USD""}",yfinance,2026-08-03
GOOG,2025-03-10,dividend,,"{""amount"": 0.2, ""currency"": ""USD""}",yfinance,2026-08-03
GOOG,2025-06-09,dividend,,"{""amount"": 0.21, ""currency"": ""USD""}",yfinance,2026-08-03
GOOG,2025-09-08,dividend,,"{""amount"": 0.21, ""currency"": ""USD""}",yfinance,2026-08-03
GOOG,2025-12-08,dividend,,"{""amount"": 0.21, ""currency"": ""USD""}",yfinance,2026-08-03
GOOG,2026-03-09,dividend,,"{""amount"": 0.21, ""currency"": ""USD""}",yfinance,2026-08-03
GOOG,2026-06-08,dividend,,"{""amount"": 0.22, ""currency"": ""USD""}",yfinance,2026-08-03
GOOGL,2024-06-10,dividend,,"{""amount"": 0.2, ""currency"": ""USD""}",yfinance,2026-08-03
GOOGL,2024-09-09,dividend,,"{""amount"": 0.2, ""currency"": ""USD""}",yfinance,2026-08-03
GOOGL,2024-12-09,dividend,,"{""amount"": 0.2, ""currency"": ""USD""}",yfinance,2026-08-03
GOOGL,2025-03-10,dividend,,"{""amount"": 0.2, ""currency"": ""USD""}",yfinance,2026-08-03
GOOGL,2025-06-09,dividend,,"{""amount"": 0.21, ""currency"": ""USD""}",yfinance,2026-08-03
GOOGL,2025-09-08,dividend,,"{""amount"": 0.21, ""currency"": ""USD""}",yfinance,2026-08-03
GOOGL,2025-12-08,dividend,,"{""amount"": 0.21, ""currency"": ""USD""}",yfinance,2026-08-03
GOOGL,2026-03-09,dividend,,"{""amount"": 0.21, ""currency"": ""USD""}",yfinance,2026-08-03
GOOGL,2026-06-08,dividend,,"{""amount"": 0.22, ""currency"": ""USD""}",yfinance,2026-08-03
GS,2023-11-29,dividend,,"{""amount"": 2.75, ""currency"": ""USD""}",yfinance,2026-08-03
GS,2024-02-28,dividend,,"{""amount"": 2.75, ""currency"": ""USD""}",yfinance,2026-08-03
GS,2024-05-30,dividend,,"{""amount"": 2.75, ""currency"": ""USD""}",yfinance,2026-08-03
GS,2024-08-30,dividend,,"{""amount"": 3.0, ""currency"": ""USD""}",yfinance,2026-08-03
GS,2024-12-02,dividend,,"{""amount"": 3.0, ""currency"": ""USD""}",yfinance,2026-08-03
GS,2025-02-28,dividend,,"{""amount"": 3.0, ""currency"": ""USD""}",yfinance,2026-08-03
GS,2025-05-30,dividend,,"{""amount"": 3.0, ""currency"": ""USD""}",yfinance,2026-08-03
GS,2025-08-29,dividend,,"{""amount"": 4.0, ""currency"": ""USD""}",yfinance,2026-08-03
GS,2025-12-02,dividend,,"{""amount"": 4.0, ""currency"": ""USD""}",yfinance,2026-08-03
GS,2026-03-02,dividend,,"{""amount"": 4.5, ""currency"": ""USD""}",yfinance,2026-08-03
GS,2026-06-01,dividend,,"{""amount"": 4.5, ""currency"": ""USD""}",yfinance,2026-08-03
HD,2023-11-29,dividend,,"{""amount"": 2.09, ""currency"": ""USD""}",yfinance,2026-08-03
HD,2024-03-06,dividend,,"{""amount"": 2.25, ""currency"": ""USD""}",yfinance,2026-08-03
HD,2024-05-30,dividend,,"{""amount"": 2.25, ""currency"": ""USD""}",yfinance,2026-08-03
HD,2024-08-29,dividend,,"{""amount"": 2.25, ""currency"": ""USD""}",yfinance,2026-08-03
HD,2024-11-27,dividend,,"{""amount"": 2.25, ""currency"": ""USD""}",yfinance,2026-08-03
HD,2025-03-13,dividend,,"{""amount"": 2.3, ""currency"": ""USD""}",yfinance,2026-08-03
HD,2025-06-05,dividend,,"{""amount"": 2.3, ""currency"": ""USD""}",yfinance,2026-08-03
HD,2025-09-04,dividend,,"{""amount"": 2.3, ""currency"": ""USD""}",yfinance,2026-08-03
HD,2025-12-04,dividend,,"{""amount"": 2.3, ""currency"": ""USD""}",yfinance,2026-08-03
HD,2026-03-12,dividend,,"{""amount"": 2.33, ""currency"": ""USD""}",yfinance,2026-08-03
HD,2026-06-04,dividend,,"{""amount"": 2.33, ""currency"": ""USD""}",yfinance,2026-08-03
HON,2023-11-09,dividend,,"{""amount"": 1.067549, ""currency"": ""USD""}",yfinance,2026-08-03
HON,2024-02-29,dividend,,"{""amount"": 1.067549, ""currency"": ""USD""}",yfinance,2026-08-03
HON,2024-05-16,dividend,,"{""amount"": 1.067549, ""currency"": ""USD""}",yfinance,2026-08-03
HON,2024-08-16,dividend,,"{""amount"": 1.067549, ""currency"": ""USD""}",yfinance,2026-08-03
HON,2024-11-15,dividend,,"{""amount"": 1.116972, ""currency"": ""USD""}",yfinance,2026-08-03
HON,2025-02-28,dividend,,"{""amount"": 1.116972, ""currency"": ""USD""}",yfinance,2026-08-03
HON,2025-05-16,dividend,,"{""amount"": 1.116972, ""currency"": ""USD""}",yfinance,2026-08-03
HON,2025-08-15,dividend,,"{""amount"": 1.116972, ""currency"": ""USD""}",yfinance,2026-08-03
HON,2025-10-30,spinoff,1.061,"{""stock_split_field"": 1.061, ""classification_note"": ""Yahoo spin-off encoding (non-integer or <2 factor); spawned entity and terms require curation""}",yfinance,2026-08-03
HON,2025-11-14,dividend,,"{""amount"": 1.248034, ""currency"": ""USD""}",yfinance,2026-08-03
HON,2026-02-27,dividend,,"{""amount"": 1.248034, ""currency"": ""USD""}",yfinance,2026-08-03
HON,2026-05-15,dividend,,"{""amount"": 1.248034, ""currency"": ""USD""}",yfinance,2026-08-03
HON,2026-06-29,spinoff,0.9535,"{""stock_split_field"": 0.9535, ""classification_note"": ""Yahoo spin-off encoding (non-integer or <2 factor); spawned entity and terms require curation""}",yfinance,2026-08-03
IBM,2023-11-09,dividend,,"{""amount"": 1.66, ""currency"": ""USD""}",yfinance,2026-08-03
IBM,2024-02-08,dividend,,"{""amount"": 1.66, ""currency"": ""USD""}",yfinance,2026-08-03
IBM,2024-05-09,dividend,,"{""amount"": 1.67, ""currency"": ""USD""}",yfinance,2026-08-03
IBM,2024-08-09,dividend,,"{""amount"": 1.67, ""currency"": ""USD""}",yfinance,2026-08-03
IBM,2024-11-12,dividend,,"{""amount"": 1.67, ""currency"": ""USD""}",yfinance,2026-08-03
IBM,2025-02-10,dividend,,"{""amount"": 1.67, ""currency"": ""USD""}",yfinance,2026-08-03
IBM,2025-05-09,dividend,,"{""amount"": 1.68, ""currency"": ""USD""}",yfinance,2026-08-03
IBM,2025-08-08,dividend,,"{""amount"": 1.68, ""currency"": ""USD""}",yfinance,2026-08-03
IBM,2025-11-10,dividend,,"{""amount"": 1.68, ""currency"": ""USD""}",yfinance,2026-08-03
IBM,2026-02-10,dividend,,"{""amount"": 1.68, ""currency"": ""USD""}",yfinance,2026-08-03
IBM,2026-05-08,dividend,,"{""amount"": 1.69, ""currency"": ""USD""}",yfinance,2026-08-03
INTC,2023-11-06,dividend,,"{""amount"": 0.125, ""currency"": ""USD""}",yfinance,2026-08-03
INTC,2024-02-06,dividend,,"{""amount"": 0.125, ""currency"": ""USD""}",yfinance,2026-08-03
INTC,2024-05-06,dividend,,"{""amount"": 0.125, ""currency"": ""USD""}",yfinance,2026-08-03
INTC,2024-08-07,dividend,,"{""amount"": 0.125, ""currency"": ""USD""}",yfinance,2026-08-03
INTU,2023-10-05,dividend,,"{""amount"": 0.9, ""currency"": ""USD""}",yfinance,2026-08-03
INTU,2024-01-09,dividend,,"{""amount"": 0.9, ""currency"": ""USD""}",yfinance,2026-08-03
INTU,2024-04-09,dividend,,"{""amount"": 0.9, ""currency"": ""USD""}",yfinance,2026-08-03
INTU,2024-07-10,dividend,,"{""amount"": 0.9, ""currency"": ""USD""}",yfinance,2026-08-03
INTU,2024-10-10,dividend,,"{""amount"": 1.04, ""currency"": ""USD""}",yfinance,2026-08-03
INTU,2025-01-10,dividend,,"{""amount"": 1.04, ""currency"": ""USD""}",yfinance,2026-08-03
INTU,2025-04-10,dividend,,"{""amount"": 1.04, ""currency"": ""USD""}",yfinance,2026-08-03
INTU,2025-07-10,dividend,,"{""amount"": 1.04, ""currency"": ""USD""}",yfinance,2026-08-03
INTU,2025-10-09,dividend,,"{""amount"": 1.2, ""currency"": ""USD""}",yfinance,2026-08-03
INTU,2026-01-09,dividend,,"{""amount"": 1.2, ""currency"": ""USD""}",yfinance,2026-08-03
INTU,2026-04-09,dividend,,"{""amount"": 1.2, ""currency"": ""USD""}",yfinance,2026-08-03
INTU,2026-07-09,dividend,,"{""amount"": 1.2, ""currency"": ""USD""}",yfinance,2026-08-03
JNJ,2023-11-20,dividend,,"{""amount"": 1.19, ""currency"": ""USD""}",yfinance,2026-08-03
JNJ,2024-02-16,dividend,,"{""amount"": 1.19, ""currency"": ""USD""}",yfinance,2026-08-03
JNJ,2024-05-20,dividend,,"{""amount"": 1.24, ""currency"": ""USD""}",yfinance,2026-08-03
JNJ,2024-08-27,dividend,,"{""amount"": 1.24, ""currency"": ""USD""}",yfinance,2026-08-03
JNJ,2024-11-26,dividend,,"{""amount"": 1.24, ""currency"": ""USD""}",yfinance,2026-08-03
JNJ,2025-02-18,dividend,,"{""amount"": 1.24, ""currency"": ""USD""}",yfinance,2026-08-03
JNJ,2025-05-27,dividend,,"{""amount"": 1.3, ""currency"": ""USD""}",yfinance,2026-08-03
JNJ,2025-08-26,dividend,,"{""amount"": 1.3, ""currency"": ""USD""}",yfinance,2026-08-03
JNJ,2025-11-25,dividend,,"{""amount"": 1.3, ""currency"": ""USD""}",yfinance,2026-08-03
JNJ,2026-02-24,dividend,,"{""amount"": 1.3, ""currency"": ""USD""}",yfinance,2026-08-03
JNJ,2026-05-26,dividend,,"{""amount"": 1.34, ""currency"": ""USD""}",yfinance,2026-08-03
JPM,2023-10-05,dividend,,"{""amount"": 1.05, ""currency"": ""USD""}",yfinance,2026-08-03
JPM,2024-01-04,dividend,,"{""amount"": 1.05, ""currency"": ""USD""}",yfinance,2026-08-03
JPM,2024-04-04,dividend,,"{""amount"": 1.15, ""currency"": ""USD""}",yfinance,2026-08-03
JPM,2024-07-05,dividend,,"{""amount"": 1.15, ""currency"": ""USD""}",yfinance,2026-08-03
JPM,2024-10-04,dividend,,"{""amount"": 1.25, ""currency"": ""USD""}",yfinance,2026-08-03
JPM,2025-01-06,dividend,,"{""amount"": 1.25, ""currency"": ""USD""}",yfinance,2026-08-03
JPM,2025-04-04,dividend,,"{""amount"": 1.4, ""currency"": ""USD""}",yfinance,2026-08-03
JPM,2025-07-03,dividend,,"{""amount"": 1.4, ""currency"": ""USD""}",yfinance,2026-08-03
JPM,2025-10-06,dividend,,"{""amount"": 1.5, ""currency"": ""USD""}",yfinance,2026-08-03
JPM,2026-01-06,dividend,,"{""amount"": 1.5, ""currency"": ""USD""}",yfinance,2026-08-03
JPM,2026-04-06,dividend,,"{""amount"": 1.5, ""currency"": ""USD""}",yfinance,2026-08-03
JPM,2026-07-06,dividend,,"{""amount"": 1.5, ""currency"": ""USD""}",yfinance,2026-08-03
KHC,2023-11-30,dividend,,"{""amount"": 0.4, ""currency"": ""USD""}",yfinance,2026-08-03
KHC,2024-03-07,dividend,,"{""amount"": 0.4, ""currency"": ""USD""}",yfinance,2026-08-03
KHC,2024-06-06,dividend,,"{""amount"": 0.4, ""currency"": ""USD""}",yfinance,2026-08-03
KHC,2024-08-30,dividend,,"{""amount"": 0.4, ""currency"": ""USD""}",yfinance,2026-08-03
KHC,2024-11-29,dividend,,"{""amount"": 0.4, ""currency"": ""USD""}",yfinance,2026-08-03
KHC,2025-03-07,dividend,,"{""amount"": 0.4, ""currency"": ""USD""}",yfinance,2026-08-03
KHC,2025-05-30,dividend,,"{""amount"": 0.4, ""currency"": ""USD""}",yfinance,2026-08-03
KHC,2025-08-29,dividend,,"{""amount"": 0.4, ""currency"": ""USD""}",yfinance,2026-08-03
KHC,2025-11-28,dividend,,"{""amount"": 0.4, ""currency"": ""USD""}",yfinance,2026-08-03
KHC,2026-03-06,dividend,,"{""amount"": 0.4, ""currency"": ""USD""}",yfinance,2026-08-03
KHC,2026-06-05,dividend,,"{""amount"": 0.4, ""currency"": ""USD""}",yfinance,2026-08-03
KO,2023-11-30,dividend,,"{""amount"": 0.46, ""currency"": ""USD""}",yfinance,2026-08-03
KO,2024-03-14,dividend,,"{""amount"": 0.485, ""currency"": ""USD""}",yfinance,2026-08-03
KO,2024-06-14,dividend,,"{""amount"": 0.485, ""currency"": ""USD""}",yfinance,2026-08-03
KO,2024-09-13,dividend,,"{""amount"": 0.485, ""currency"": ""USD""}",yfinance,2026-08-03
KO,2024-11-29,dividend,,"{""amount"": 0.485, ""currency"": ""USD""}",yfinance,2026-08-03
KO,2025-03-14,dividend,,"{""amount"": 0.51, ""currency"": ""USD""}",yfinance,2026-08-03
KO,2025-06-13,dividend,,"{""amount"": 0.51, ""currency"": ""USD""}",yfinance,2026-08-03
KO,2025-09-15,dividend,,"{""amount"": 0.51, ""currency"": ""USD""}",yfinance,2026-08-03
KO,2025-12-01,dividend,,"{""amount"": 0.51, ""currency"": ""USD""}",yfinance,2026-08-03
KO,2026-03-13,dividend,,"{""amount"": 0.53, ""currency"": ""USD""}",yfinance,2026-08-03
KO,2026-06-15,dividend,,"{""amount"": 0.53, ""currency"": ""USD""}",yfinance,2026-08-03
LIN,2023-12-01,dividend,,"{""amount"": 1.275, ""currency"": ""USD""}",yfinance,2026-08-03
LIN,2024-03-13,dividend,,"{""amount"": 1.39, ""currency"": ""USD""}",yfinance,2026-08-03
LIN,2024-06-04,dividend,,"{""amount"": 1.39, ""currency"": ""USD""}",yfinance,2026-08-03
LIN,2024-09-04,dividend,,"{""amount"": 1.39, ""currency"": ""USD""}",yfinance,2026-08-03
LIN,2024-12-03,dividend,,"{""amount"": 1.39, ""currency"": ""USD""}",yfinance,2026-08-03
LIN,2025-03-13,dividend,,"{""amount"": 1.5, ""currency"": ""USD""}",yfinance,2026-08-03
LIN,2025-06-04,dividend,,"{""amount"": 1.5, ""currency"": ""USD""}",yfinance,2026-08-03
LIN,2025-09-04,dividend,,"{""amount"": 1.5, ""currency"": ""USD""}",yfinance,2026-08-03
LIN,2025-12-03,dividend,,"{""amount"": 1.5, ""currency"": ""USD""}",yfinance,2026-08-03
LIN,2026-03-11,dividend,,"{""amount"": 1.6, ""currency"": ""USD""}",yfinance,2026-08-03
LIN,2026-06-04,dividend,,"{""amount"": 1.6, ""currency"": ""USD""}",yfinance,2026-08-03
LLY,2023-11-14,dividend,,"{""amount"": 1.13, ""currency"": ""USD""}",yfinance,2026-08-03
LLY,2024-02-14,dividend,,"{""amount"": 1.3, ""currency"": ""USD""}",yfinance,2026-08-03
LLY,2024-05-15,dividend,,"{""amount"": 1.3, ""currency"": ""USD""}",yfinance,2026-08-03
LLY,2024-08-15,dividend,,"{""amount"": 1.3, ""currency"": ""USD""}",yfinance,2026-08-03
LLY,2024-11-15,dividend,,"{""amount"": 1.3, ""currency"": ""USD""}",yfinance,2026-08-03
LLY,2025-02-14,dividend,,"{""amount"": 1.5, ""currency"": ""USD""}",yfinance,2026-08-03
LLY,2025-05-16,dividend,,"{""amount"": 1.5, ""currency"": ""USD""}",yfinance,2026-08-03
LLY,2025-08-15,dividend,,"{""amount"": 1.5, ""currency"": ""USD""}",yfinance,2026-08-03
LLY,2025-11-14,dividend,,"{""amount"": 1.5, ""currency"": ""USD""}",yfinance,2026-08-03
LLY,2026-02-13,dividend,,"{""amount"": 1.73, ""currency"": ""USD""}",yfinance,2026-08-03
LLY,2026-05-15,dividend,,"{""amount"": 1.73, ""currency"": ""USD""}",yfinance,2026-08-03
LMT,2023-11-30,dividend,,"{""amount"": 3.15, ""currency"": ""USD""}",yfinance,2026-08-03
LMT,2024-02-29,dividend,,"{""amount"": 3.15, ""currency"": ""USD""}",yfinance,2026-08-03
LMT,2024-06-03,dividend,,"{""amount"": 3.15, ""currency"": ""USD""}",yfinance,2026-08-03
LMT,2024-09-03,dividend,,"{""amount"": 3.15, ""currency"": ""USD""}",yfinance,2026-08-03
LMT,2024-12-02,dividend,,"{""amount"": 3.3, ""currency"": ""USD""}",yfinance,2026-08-03
LMT,2025-03-03,dividend,,"{""amount"": 3.3, ""currency"": ""USD""}",yfinance,2026-08-03
LMT,2025-06-02,dividend,,"{""amount"": 3.3, ""currency"": ""USD""}",yfinance,2026-08-03
LMT,2025-09-02,dividend,,"{""amount"": 3.3, ""currency"": ""USD""}",yfinance,2026-08-03
LMT,2025-12-01,dividend,,"{""amount"": 3.45, ""currency"": ""USD""}",yfinance,2026-08-03
LMT,2026-03-02,dividend,,"{""amount"": 3.45, ""currency"": ""USD""}",yfinance,2026-08-03
LMT,2026-06-01,dividend,,"{""amount"": 3.45, ""currency"": ""USD""}",yfinance,2026-08-03
LOW,2023-10-24,dividend,,"{""amount"": 1.1, ""currency"": ""USD""}",yfinance,2026-08-03
LOW,2024-01-23,dividend,,"{""amount"": 1.1, ""currency"": ""USD""}",yfinance,2026-08-03
LOW,2024-04-23,dividend,,"{""amount"": 1.1, ""currency"": ""USD""}",yfinance,2026-08-03
LOW,2024-07-24,dividend,,"{""amount"": 1.15, ""currency"": ""USD""}",yfinance,2026-08-03
LOW,2024-10-23,dividend,,"{""amount"": 1.15, ""currency"": ""USD""}",yfinance,2026-08-03
LOW,2025-01-22,dividend,,"{""amount"": 1.15, ""currency"": ""USD""}",yfinance,2026-08-03
LOW,2025-04-23,dividend,,"{""amount"": 1.15, ""currency"": ""USD""}",yfinance,2026-08-03
LOW,2025-07-23,dividend,,"{""amount"": 1.2, ""currency"": ""USD""}",yfinance,2026-08-03
LOW,2025-10-22,dividend,,"{""amount"": 1.2, ""currency"": ""USD""}",yfinance,2026-08-03
LOW,2026-01-21,dividend,,"{""amount"": 1.2, ""currency"": ""USD""}",yfinance,2026-08-03
LOW,2026-04-22,dividend,,"{""amount"": 1.2, ""currency"": ""USD""}",yfinance,2026-08-03
LOW,2026-07-22,dividend,,"{""amount"": 1.25, ""currency"": ""USD""}",yfinance,2026-08-03
LRCX,2023-12-12,dividend,,"{""amount"": 0.2, ""currency"": ""USD""}",yfinance,2026-08-03
LRCX,2024-03-12,dividend,,"{""amount"": 0.2, ""currency"": ""USD""}",yfinance,2026-08-03
LRCX,2024-06-18,dividend,,"{""amount"": 0.2, ""currency"": ""USD""}",yfinance,2026-08-03
LRCX,2024-09-17,dividend,,"{""amount"": 0.23, ""currency"": ""USD""}",yfinance,2026-08-03
LRCX,2024-10-03,split,10.0,"{""stock_split_field"": 10.0}",yfinance,2026-08-03
LRCX,2024-12-11,dividend,,"{""amount"": 0.23, ""currency"": ""USD""}",yfinance,2026-08-03
LRCX,2025-03-05,dividend,,"{""amount"": 0.23, ""currency"": ""USD""}",yfinance,2026-08-03
LRCX,2025-06-18,dividend,,"{""amount"": 0.23, ""currency"": ""USD""}",yfinance,2026-08-03
LRCX,2025-09-24,dividend,,"{""amount"": 0.26, ""currency"": ""USD""}",yfinance,2026-08-03
LRCX,2025-12-03,dividend,,"{""amount"": 0.26, ""currency"": ""USD""}",yfinance,2026-08-03
LRCX,2026-03-04,dividend,,"{""amount"": 0.26, ""currency"": ""USD""}",yfinance,2026-08-03
LRCX,2026-06-17,dividend,,"{""amount"": 0.26, ""currency"": ""USD""}",yfinance,2026-08-03
MA,2023-10-05,dividend,,"{""amount"": 0.57, ""currency"": ""USD""}",yfinance,2026-08-03
MA,2024-01-08,dividend,,"{""amount"": 0.66, ""currency"": ""USD""}",yfinance,2026-08-03
MA,2024-04-08,dividend,,"{""amount"": 0.66, ""currency"": ""USD""}",yfinance,2026-08-03
MA,2024-07-09,dividend,,"{""amount"": 0.66, ""currency"": ""USD""}",yfinance,2026-08-03
MA,2024-10-09,dividend,,"{""amount"": 0.66, ""currency"": ""USD""}",yfinance,2026-08-03
MA,2025-01-10,dividend,,"{""amount"": 0.76, ""currency"": ""USD""}",yfinance,2026-08-03
MA,2025-04-09,dividend,,"{""amount"": 0.76, ""currency"": ""USD""}",yfinance,2026-08-03
MA,2025-07-09,dividend,,"{""amount"": 0.76, ""currency"": ""USD""}",yfinance,2026-08-03
MA,2025-10-09,dividend,,"{""amount"": 0.76, ""currency"": ""USD""}",yfinance,2026-08-03
MA,2026-01-09,dividend,,"{""amount"": 0.87, ""currency"": ""USD""}",yfinance,2026-08-03
MA,2026-04-09,dividend,,"{""amount"": 0.87, ""currency"": ""USD""}",yfinance,2026-08-03
MA,2026-07-09,dividend,,"{""amount"": 0.87, ""currency"": ""USD""}",yfinance,2026-08-03
MCD,2023-11-30,dividend,,"{""amount"": 1.67, ""currency"": ""USD""}",yfinance,2026-08-03
MCD,2024-02-29,dividend,,"{""amount"": 1.67, ""currency"": ""USD""}",yfinance,2026-08-03
MCD,2024-06-03,dividend,,"{""amount"": 1.67, ""currency"": ""USD""}",yfinance,2026-08-03
MCD,2024-09-03,dividend,,"{""amount"": 1.67, ""currency"": ""USD""}",yfinance,2026-08-03
MCD,2024-12-02,dividend,,"{""amount"": 1.77, ""currency"": ""USD""}",yfinance,2026-08-03
MCD,2025-03-03,dividend,,"{""amount"": 1.77, ""currency"": ""USD""}",yfinance,2026-08-03
MCD,2025-06-02,dividend,,"{""amount"": 1.77, ""currency"": ""USD""}",yfinance,2026-08-03
MCD,2025-09-02,dividend,,"{""amount"": 1.77, ""currency"": ""USD""}",yfinance,2026-08-03
MCD,2025-12-01,dividend,,"{""amount"": 1.86, ""currency"": ""USD""}",yfinance,2026-08-03
MCD,2026-03-03,dividend,,"{""amount"": 1.86, ""currency"": ""USD""}",yfinance,2026-08-03
MCD,2026-06-02,dividend,,"{""amount"": 1.86, ""currency"": ""USD""}",yfinance,2026-08-03
MDLZ,2023-12-28,dividend,,"{""amount"": 0.425, ""currency"": ""USD""}",yfinance,2026-08-03
MDLZ,2024-03-27,dividend,,"{""amount"": 0.425, ""currency"": ""USD""}",yfinance,2026-08-03
MDLZ,2024-06-28,dividend,,"{""amount"": 0.425, ""currency"": ""USD""}",yfinance,2026-08-03
MDLZ,2024-09-30,dividend,,"{""amount"": 0.47, ""currency"": ""USD""}",yfinance,2026-08-03
MDLZ,2024-12-31,dividend,,"{""amount"": 0.47, ""currency"": ""USD""}",yfinance,2026-08-03
MDLZ,2025-03-31,dividend,,"{""amount"": 0.47, ""currency"": ""USD""}",yfinance,2026-08-03
MDLZ,2025-06-30,dividend,,"{""amount"": 0.47, ""currency"": ""USD""}",yfinance,2026-08-03
MDLZ,2025-09-30,dividend,,"{""amount"": 0.5, ""currency"": ""USD""}",yfinance,2026-08-03
MDLZ,2025-12-31,dividend,,"{""amount"": 0.5, ""currency"": ""USD""}",yfinance,2026-08-03
MDLZ,2026-03-31,dividend,,"{""amount"": 0.5, ""currency"": ""USD""}",yfinance,2026-08-03
MDLZ,2026-06-30,dividend,,"{""amount"": 0.5, ""currency"": ""USD""}",yfinance,2026-08-03
MDT,2023-12-19,dividend,,"{""amount"": 0.69, ""currency"": ""USD""}",yfinance,2026-08-03
MDT,2024-03-21,dividend,,"{""amount"": 0.69, ""currency"": ""USD""}",yfinance,2026-08-03
MDT,2024-06-28,dividend,,"{""amount"": 0.7, ""currency"": ""USD""}",yfinance,2026-08-03
MDT,2024-09-27,dividend,,"{""amount"": 0.7, ""currency"": ""USD""}",yfinance,2026-08-03
MDT,2024-12-27,dividend,,"{""amount"": 0.7, ""currency"": ""USD""}",yfinance,2026-08-03
MDT,2025-03-28,dividend,,"{""amount"": 0.7, ""currency"": ""USD""}",yfinance,2026-08-03
MDT,2025-06-27,dividend,,"{""amount"": 0.71, ""currency"": ""USD""}",yfinance,2026-08-03
MDT,2025-09-26,dividend,,"{""amount"": 0.71, ""currency"": ""USD""}",yfinance,2026-08-03
MDT,2025-12-26,dividend,,"{""amount"": 0.71, ""currency"": ""USD""}",yfinance,2026-08-03
MDT,2026-03-27,dividend,,"{""amount"": 0.71, ""currency"": ""USD""}",yfinance,2026-08-03
MDT,2026-06-26,dividend,,"{""amount"": 0.72, ""currency"": ""USD""}",yfinance,2026-08-03
MET,2023-11-08,dividend,,"{""amount"": 0.52, ""currency"": ""USD""}",yfinance,2026-08-03
MET,2024-02-05,dividend,,"{""amount"": 0.52, ""currency"": ""USD""}",yfinance,2026-08-03
MET,2024-05-06,dividend,,"{""amount"": 0.545, ""currency"": ""USD""}",yfinance,2026-08-03
MET,2024-08-06,dividend,,"{""amount"": 0.545, ""currency"": ""USD""}",yfinance,2026-08-03
MET,2024-11-05,dividend,,"{""amount"": 0.545, ""currency"": ""USD""}",yfinance,2026-08-03
MET,2025-02-04,dividend,,"{""amount"": 0.545, ""currency"": ""USD""}",yfinance,2026-08-03
MET,2025-05-06,dividend,,"{""amount"": 0.568, ""currency"": ""USD""}",yfinance,2026-08-03
MET,2025-08-05,dividend,,"{""amount"": 0.568, ""currency"": ""USD""}",yfinance,2026-08-03
MET,2025-11-04,dividend,,"{""amount"": 0.568, ""currency"": ""USD""}",yfinance,2026-08-03
MET,2026-02-03,dividend,,"{""amount"": 0.568, ""currency"": ""USD""}",yfinance,2026-08-03
MET,2026-05-12,dividend,,"{""amount"": 0.593, ""currency"": ""USD""}",yfinance,2026-08-03
META,2024-02-21,dividend,,"{""amount"": 0.5, ""currency"": ""USD""}",yfinance,2026-08-03
META,2024-06-14,dividend,,"{""amount"": 0.5, ""currency"": ""USD""}",yfinance,2026-08-03
META,2024-09-16,dividend,,"{""amount"": 0.5, ""currency"": ""USD""}",yfinance,2026-08-03
META,2024-12-16,dividend,,"{""amount"": 0.5, ""currency"": ""USD""}",yfinance,2026-08-03
META,2025-03-14,dividend,,"{""amount"": 0.525, ""currency"": ""USD""}",yfinance,2026-08-03
META,2025-06-16,dividend,,"{""amount"": 0.525, ""currency"": ""USD""}",yfinance,2026-08-03
META,2025-09-22,dividend,,"{""amount"": 0.525, ""currency"": ""USD""}",yfinance,2026-08-03
META,2025-12-15,dividend,,"{""amount"": 0.525, ""currency"": ""USD""}",yfinance,2026-08-03
META,2026-03-16,dividend,,"{""amount"": 0.525, ""currency"": ""USD""}",yfinance,2026-08-03
META,2026-06-15,dividend,,"{""amount"": 0.525, ""currency"": ""USD""}",yfinance,2026-08-03
MMM,2023-11-16,dividend,,"{""amount"": 1.254181, ""currency"": ""USD""}",yfinance,2026-08-03
MMM,2024-02-15,dividend,,"{""amount"": 1.262542, ""currency"": ""USD""}",yfinance,2026-08-03
MMM,2024-04-01,spinoff,1.196,"{""stock_split_field"": 1.196, ""classification_note"": ""Yahoo spin-off encoding (non-integer or <2 factor); spawned entity and terms require curation""}",yfinance,2026-08-03
MMM,2024-05-23,dividend,,"{""amount"": 0.7, ""currency"": ""USD""}",yfinance,2026-08-03
MMM,2024-08-26,dividend,,"{""amount"": 0.7, ""currency"": ""USD""}",yfinance,2026-08-03
MMM,2024-11-15,dividend,,"{""amount"": 0.7, ""currency"": ""USD""}",yfinance,2026-08-03
MMM,2025-02-14,dividend,,"{""amount"": 0.73, ""currency"": ""USD""}",yfinance,2026-08-03
MMM,2025-05-23,dividend,,"{""amount"": 0.73, ""currency"": ""USD""}",yfinance,2026-08-03
MMM,2025-08-25,dividend,,"{""amount"": 0.73, ""currency"": ""USD""}",yfinance,2026-08-03
MMM,2025-11-14,dividend,,"{""amount"": 0.73, ""currency"": ""USD""}",yfinance,2026-08-03
MMM,2026-02-13,dividend,,"{""amount"": 0.78, ""currency"": ""USD""}",yfinance,2026-08-03
MMM,2026-05-22,dividend,,"{""amount"": 0.78, ""currency"": ""USD""}",yfinance,2026-08-03
MO,2023-12-20,dividend,,"{""amount"": 0.98, ""currency"": ""USD""}",yfinance,2026-08-03
MO,2024-03-22,dividend,,"{""amount"": 0.98, ""currency"": ""USD""}",yfinance,2026-08-03
MO,2024-06-14,dividend,,"{""amount"": 0.98, ""currency"": ""USD""}",yfinance,2026-08-03
MO,2024-09-16,dividend,,"{""amount"": 1.02, ""currency"": ""USD""}",yfinance,2026-08-03
MO,2024-12-26,dividend,,"{""amount"": 1.02, ""currency"": ""USD""}",yfinance,2026-08-03
MO,2025-03-25,dividend,,"{""amount"": 1.02, ""currency"": ""USD""}",yfinance,2026-08-03
MO,2025-06-16,dividend,,"{""amount"": 1.02, ""currency"": ""USD""}",yfinance,2026-08-03
MO,2025-09-15,dividend,,"{""amount"": 1.06, ""currency"": ""USD""}",yfinance,2026-08-03
MO,2025-12-26,dividend,,"{""amount"": 1.06, ""currency"": ""USD""}",yfinance,2026-08-03
MO,2026-03-25,dividend,,"{""amount"": 1.06, ""currency"": ""USD""}",yfinance,2026-08-03
MO,2026-06-15,dividend,,"{""amount"": 1.06, ""currency"": ""USD""}",yfinance,2026-08-03
MRK,2023-12-14,dividend,,"{""amount"": 0.77, ""currency"": ""USD""}",yfinance,2026-08-03
MRK,2024-03-14,dividend,,"{""amount"": 0.77, ""currency"": ""USD""}",yfinance,2026-08-03
MRK,2024-06-17,dividend,,"{""amount"": 0.77, ""currency"": ""USD""}",yfinance,2026-08-03
MRK,2024-09-16,dividend,,"{""amount"": 0.77, ""currency"": ""USD""}",yfinance,2026-08-03
MRK,2024-12-16,dividend,,"{""amount"": 0.81, ""currency"": ""USD""}",yfinance,2026-08-03
MRK,2025-03-17,dividend,,"{""amount"": 0.81, ""currency"": ""USD""}",yfinance,2026-08-03
MRK,2025-06-16,dividend,,"{""amount"": 0.81, ""currency"": ""USD""}",yfinance,2026-08-03
MRK,2025-09-15,dividend,,"{""amount"": 0.81, ""currency"": ""USD""}",yfinance,2026-08-03
MRK,2025-12-15,dividend,,"{""amount"": 0.85, ""currency"": ""USD""}",yfinance,2026-08-03
MRK,2026-03-16,dividend,,"{""amount"": 0.85, ""currency"": ""USD""}",yfinance,2026-08-03
MRK,2026-06-15,dividend,,"{""amount"": 0.85, ""currency"": ""USD""}",yfinance,2026-08-03
MS,2023-10-30,dividend,,"{""amount"": 0.85, ""currency"": ""USD""}",yfinance,2026-08-03
MS,2024-01-30,dividend,,"{""amount"": 0.85, ""currency"": ""USD""}",yfinance,2026-08-03
MS,2024-04-29,dividend,,"{""amount"": 0.85, ""currency"": ""USD""}",yfinance,2026-08-03
MS,2024-07-31,dividend,,"{""amount"": 0.925, ""currency"": ""USD""}",yfinance,2026-08-03
MS,2024-10-31,dividend,,"{""amount"": 0.925, ""currency"": ""USD""}",yfinance,2026-08-03
MS,2025-01-31,dividend,,"{""amount"": 0.925, ""currency"": ""USD""}",yfinance,2026-08-03
MS,2025-04-30,dividend,,"{""amount"": 0.925, ""currency"": ""USD""}",yfinance,2026-08-03
MS,2025-07-31,dividend,,"{""amount"": 1.0, ""currency"": ""USD""}",yfinance,2026-08-03
MS,2025-10-31,dividend,,"{""amount"": 1.0, ""currency"": ""USD""}",yfinance,2026-08-03
MS,2026-01-30,dividend,,"{""amount"": 1.0, ""currency"": ""USD""}",yfinance,2026-08-03
MS,2026-04-30,dividend,,"{""amount"": 1.0, ""currency"": ""USD""}",yfinance,2026-08-03
MS,2026-07-31,dividend,,"{""amount"": 1.15, ""currency"": ""USD""}",yfinance,2026-08-03
MSFT,2023-11-15,dividend,,"{""amount"": 0.75, ""currency"": ""USD""}",yfinance,2026-08-03
MSFT,2024-02-14,dividend,,"{""amount"": 0.75, ""currency"": ""USD""}",yfinance,2026-08-03
MSFT,2024-05-15,dividend,,"{""amount"": 0.75, ""currency"": ""USD""}",yfinance,2026-08-03
MSFT,2024-08-15,dividend,,"{""amount"": 0.75, ""currency"": ""USD""}",yfinance,2026-08-03
MSFT,2024-11-21,dividend,,"{""amount"": 0.83, ""currency"": ""USD""}",yfinance,2026-08-03
MSFT,2025-02-20,dividend,,"{""amount"": 0.83, ""currency"": ""USD""}",yfinance,2026-08-03
MSFT,2025-05-15,dividend,,"{""amount"": 0.83, ""currency"": ""USD""}",yfinance,2026-08-03
MSFT,2025-08-21,dividend,,"{""amount"": 0.83, ""currency"": ""USD""}",yfinance,2026-08-03
MSFT,2025-11-20,dividend,,"{""amount"": 0.91, ""currency"": ""USD""}",yfinance,2026-08-03
MSFT,2026-02-19,dividend,,"{""amount"": 0.91, ""currency"": ""USD""}",yfinance,2026-08-03
MSFT,2026-05-21,dividend,,"{""amount"": 0.91, ""currency"": ""USD""}",yfinance,2026-08-03
MU,2023-10-06,dividend,,"{""amount"": 0.115, ""currency"": ""USD""}",yfinance,2026-08-03
MU,2023-12-29,dividend,,"{""amount"": 0.115, ""currency"": ""USD""}",yfinance,2026-08-03
MU,2024-03-28,dividend,,"{""amount"": 0.115, ""currency"": ""USD""}",yfinance,2026-08-03
MU,2024-07-08,dividend,,"{""amount"": 0.115, ""currency"": ""USD""}",yfinance,2026-08-03
MU,2024-10-07,dividend,,"{""amount"": 0.115, ""currency"": ""USD""}",yfinance,2026-08-03
MU,2024-12-30,dividend,,"{""amount"": 0.115, ""currency"": ""USD""}",yfinance,2026-08-03
MU,2025-03-31,dividend,,"{""amount"": 0.115, ""currency"": ""USD""}",yfinance,2026-08-03
MU,2025-07-07,dividend,,"{""amount"": 0.115, ""currency"": ""USD""}",yfinance,2026-08-03
MU,2025-10-03,dividend,,"{""amount"": 0.115, ""currency"": ""USD""}",yfinance,2026-08-03
MU,2025-12-29,dividend,,"{""amount"": 0.115, ""currency"": ""USD""}",yfinance,2026-08-03
MU,2026-03-30,dividend,,"{""amount"": 0.15, ""currency"": ""USD""}",yfinance,2026-08-03
MU,2026-07-06,dividend,,"{""amount"": 0.15, ""currency"": ""USD""}",yfinance,2026-08-03
NEE,2023-11-22,dividend,,"{""amount"": 0.468, ""currency"": ""USD""}",yfinance,2026-08-03
NEE,2024-02-26,dividend,,"{""amount"": 0.515, ""currency"": ""USD""}",yfinance,2026-08-03
NEE,2024-06-03,dividend,,"{""amount"": 0.515, ""currency"": ""USD""}",yfinance,2026-08-03
NEE,2024-08-30,dividend,,"{""amount"": 0.515, ""currency"": ""USD""}",yfinance,2026-08-03
NEE,2024-11-22,dividend,,"{""amount"": 0.515, ""currency"": ""USD""}",yfinance,2026-08-03
NEE,2025-02-28,dividend,,"{""amount"": 0.567, ""currency"": ""USD""}",yfinance,2026-08-03
NEE,2025-06-02,dividend,,"{""amount"": 0.567, ""currency"": ""USD""}",yfinance,2026-08-03
NEE,2025-08-28,dividend,,"{""amount"": 0.567, ""currency"": ""USD""}",yfinance,2026-08-03
NEE,2025-11-21,dividend,,"{""amount"": 0.567, ""currency"": ""USD""}",yfinance,2026-08-03
NEE,2026-02-27,dividend,,"{""amount"": 0.623, ""currency"": ""USD""}",yfinance,2026-08-03
NEE,2026-06-05,dividend,,"{""amount"": 0.623, ""currency"": ""USD""}",yfinance,2026-08-03
NFLX,2025-11-17,split,10.0,"{""stock_split_field"": 10.0}",yfinance,2026-08-03
NKE,2023-12-01,dividend,,"{""amount"": 0.37, ""currency"": ""USD""}",yfinance,2026-08-03
NKE,2024-03-01,dividend,,"{""amount"": 0.37, ""currency"": ""USD""}",yfinance,2026-08-03
NKE,2024-06-03,dividend,,"{""amount"": 0.37, ""currency"": ""USD""}",yfinance,2026-08-03
NKE,2024-09-03,dividend,,"{""amount"": 0.37, ""currency"": ""USD""}",yfinance,2026-08-03
NKE,2024-12-02,dividend,,"{""amount"": 0.4, ""currency"": ""USD""}",yfinance,2026-08-03
NKE,2025-03-03,dividend,,"{""amount"": 0.4, ""currency"": ""USD""}",yfinance,2026-08-03
NKE,2025-06-02,dividend,,"{""amount"": 0.4, ""currency"": ""USD""}",yfinance,2026-08-03
NKE,2025-09-02,dividend,,"{""amount"": 0.4, ""currency"": ""USD""}",yfinance,2026-08-03
NKE,2025-12-01,dividend,,"{""amount"": 0.41, ""currency"": ""USD""}",yfinance,2026-08-03
NKE,2026-03-02,dividend,,"{""amount"": 0.41, ""currency"": ""USD""}",yfinance,2026-08-03
NKE,2026-06-01,dividend,,"{""amount"": 0.41, ""currency"": ""USD""}",yfinance,2026-08-03
NOW,2025-12-18,split,5.0,"{""stock_split_field"": 5.0}",yfinance,2026-08-03
NVDA,2023-12-05,dividend,,"{""amount"": 0.004, ""currency"": ""USD""}",yfinance,2026-08-03
NVDA,2024-03-05,dividend,,"{""amount"": 0.004, ""currency"": ""USD""}",yfinance,2026-08-03
NVDA,2024-06-10,split,10.0,"{""stock_split_field"": 10.0}",yfinance,2026-08-03
NVDA,2024-06-11,dividend,,"{""amount"": 0.01, ""currency"": ""USD""}",yfinance,2026-08-03
NVDA,2024-09-12,dividend,,"{""amount"": 0.01, ""currency"": ""USD""}",yfinance,2026-08-03
NVDA,2024-12-05,dividend,,"{""amount"": 0.01, ""currency"": ""USD""}",yfinance,2026-08-03
NVDA,2025-03-12,dividend,,"{""amount"": 0.01, ""currency"": ""USD""}",yfinance,2026-08-03
NVDA,2025-06-11,dividend,,"{""amount"": 0.01, ""currency"": ""USD""}",yfinance,2026-08-03
NVDA,2025-09-11,dividend,,"{""amount"": 0.01, ""currency"": ""USD""}",yfinance,2026-08-03
NVDA,2025-12-04,dividend,,"{""amount"": 0.01, ""currency"": ""USD""}",yfinance,2026-08-03
NVDA,2026-03-11,dividend,,"{""amount"": 0.01, ""currency"": ""USD""}",yfinance,2026-08-03
NVDA,2026-06-04,dividend,,"{""amount"": 0.25, ""currency"": ""USD""}",yfinance,2026-08-03
ORCL,2023-10-11,dividend,,"{""amount"": 0.4, ""currency"": ""USD""}",yfinance,2026-08-03
ORCL,2024-01-10,dividend,,"{""amount"": 0.4, ""currency"": ""USD""}",yfinance,2026-08-03
ORCL,2024-04-09,dividend,,"{""amount"": 0.4, ""currency"": ""USD""}",yfinance,2026-08-03
ORCL,2024-07-11,dividend,,"{""amount"": 0.4, ""currency"": ""USD""}",yfinance,2026-08-03
ORCL,2024-10-10,dividend,,"{""amount"": 0.4, ""currency"": ""USD""}",yfinance,2026-08-03
ORCL,2025-01-10,dividend,,"{""amount"": 0.4, ""currency"": ""USD""}",yfinance,2026-08-03
ORCL,2025-04-10,dividend,,"{""amount"": 0.5, ""currency"": ""USD""}",yfinance,2026-08-03
ORCL,2025-07-10,dividend,,"{""amount"": 0.5, ""currency"": ""USD""}",yfinance,2026-08-03
ORCL,2025-10-09,dividend,,"{""amount"": 0.5, ""currency"": ""USD""}",yfinance,2026-08-03
ORCL,2026-01-09,dividend,,"{""amount"": 0.5, ""currency"": ""USD""}",yfinance,2026-08-03
ORCL,2026-04-09,dividend,,"{""amount"": 0.5, ""currency"": ""USD""}",yfinance,2026-08-03
ORCL,2026-07-10,dividend,,"{""amount"": 0.5, ""currency"": ""USD""}",yfinance,2026-08-03
PEP,2023-11-30,dividend,,"{""amount"": 1.265, ""currency"": ""USD""}",yfinance,2026-08-03
PEP,2024-02-29,dividend,,"{""amount"": 1.265, ""currency"": ""USD""}",yfinance,2026-08-03
PEP,2024-06-07,dividend,,"{""amount"": 1.355, ""currency"": ""USD""}",yfinance,2026-08-03
PEP,2024-09-06,dividend,,"{""amount"": 1.355, ""currency"": ""USD""}",yfinance,2026-08-03
PEP,2024-12-06,dividend,,"{""amount"": 1.355, ""currency"": ""USD""}",yfinance,2026-08-03
PEP,2025-03-07,dividend,,"{""amount"": 1.355, ""currency"": ""USD""}",yfinance,2026-08-03
PEP,2025-06-06,dividend,,"{""amount"": 1.423, ""currency"": ""USD""}",yfinance,2026-08-03
PEP,2025-09-05,dividend,,"{""amount"": 1.423, ""currency"": ""USD""}",yfinance,2026-08-03
PEP,2025-12-05,dividend,,"{""amount"": 1.423, ""currency"": ""USD""}",yfinance,2026-08-03
PEP,2026-03-06,dividend,,"{""amount"": 1.423, ""currency"": ""USD""}",yfinance,2026-08-03
PEP,2026-06-05,dividend,,"{""amount"": 1.48, ""currency"": ""USD""}",yfinance,2026-08-03
PFE,2023-11-09,dividend,,"{""amount"": 0.41, ""currency"": ""USD""}",yfinance,2026-08-03
PFE,2024-01-25,dividend,,"{""amount"": 0.42, ""currency"": ""USD""}",yfinance,2026-08-03
PFE,2024-05-09,dividend,,"{""amount"": 0.42, ""currency"": ""USD""}",yfinance,2026-08-03
PFE,2024-07-26,dividend,,"{""amount"": 0.42, ""currency"": ""USD""}",yfinance,2026-08-03
PFE,2024-11-08,dividend,,"{""amount"": 0.42, ""currency"": ""USD""}",yfinance,2026-08-03
PFE,2025-01-24,dividend,,"{""amount"": 0.43, ""currency"": ""USD""}",yfinance,2026-08-03
PFE,2025-05-09,dividend,,"{""amount"": 0.43, ""currency"": ""USD""}",yfinance,2026-08-03
PFE,2025-07-25,dividend,,"{""amount"": 0.43, ""currency"": ""USD""}",yfinance,2026-08-03
PFE,2025-11-07,dividend,,"{""amount"": 0.43, ""currency"": ""USD""}",yfinance,2026-08-03
PFE,2026-01-23,dividend,,"{""amount"": 0.43, ""currency"": ""USD""}",yfinance,2026-08-03
PFE,2026-05-08,dividend,,"{""amount"": 0.43, ""currency"": ""USD""}",yfinance,2026-08-03
PFE,2026-07-24,dividend,,"{""amount"": 0.43, ""currency"": ""USD""}",yfinance,2026-08-03
PG,2023-10-19,dividend,,"{""amount"": 0.941, ""currency"": ""USD""}",yfinance,2026-08-03
PG,2024-01-18,dividend,,"{""amount"": 0.941, ""currency"": ""USD""}",yfinance,2026-08-03
PG,2024-04-18,dividend,,"{""amount"": 1.007, ""currency"": ""USD""}",yfinance,2026-08-03
PG,2024-07-19,dividend,,"{""amount"": 1.007, ""currency"": ""USD""}",yfinance,2026-08-03
PG,2024-10-18,dividend,,"{""amount"": 1.007, ""currency"": ""USD""}",yfinance,2026-08-03
PG,2025-01-24,dividend,,"{""amount"": 1.007, ""currency"": ""USD""}",yfinance,2026-08-03
PG,2025-04-21,dividend,,"{""amount"": 1.057, ""currency"": ""USD""}",yfinance,2026-08-03
PG,2025-07-18,dividend,,"{""amount"": 1.057, ""currency"": ""USD""}",yfinance,2026-08-03
PG,2025-10-24,dividend,,"{""amount"": 1.057, ""currency"": ""USD""}",yfinance,2026-08-03
PG,2026-01-23,dividend,,"{""amount"": 1.057, ""currency"": ""USD""}",yfinance,2026-08-03
PG,2026-04-24,dividend,,"{""amount"": 1.089, ""currency"": ""USD""}",yfinance,2026-08-03
PG,2026-07-24,dividend,,"{""amount"": 1.089, ""currency"": ""USD""}",yfinance,2026-08-03
PM,2023-12-20,dividend,,"{""amount"": 1.3, ""currency"": ""USD""}",yfinance,2026-08-03
PM,2024-03-20,dividend,,"{""amount"": 1.3, ""currency"": ""USD""}",yfinance,2026-08-03
PM,2024-06-21,dividend,,"{""amount"": 1.3, ""currency"": ""USD""}",yfinance,2026-08-03
PM,2024-09-26,dividend,,"{""amount"": 1.35, ""currency"": ""USD""}",yfinance,2026-08-03
PM,2024-12-26,dividend,,"{""amount"": 1.35, ""currency"": ""USD""}",yfinance,2026-08-03
PM,2025-03-20,dividend,,"{""amount"": 1.35, ""currency"": ""USD""}",yfinance,2026-08-03
PM,2025-06-27,dividend,,"{""amount"": 1.35, ""currency"": ""USD""}",yfinance,2026-08-03
PM,2025-10-03,dividend,,"{""amount"": 1.47, ""currency"": ""USD""}",yfinance,2026-08-03
PM,2025-12-26,dividend,,"{""amount"": 1.47, ""currency"": ""USD""}",yfinance,2026-08-03
PM,2026-03-19,dividend,,"{""amount"": 1.47, ""currency"": ""USD""}",yfinance,2026-08-03
PM,2026-06-25,dividend,,"{""amount"": 1.47, ""currency"": ""USD""}",yfinance,2026-08-03
PYPL,2025-11-19,dividend,,"{""amount"": 0.14, ""currency"": ""USD""}",yfinance,2026-08-03
PYPL,2026-03-04,dividend,,"{""amount"": 0.14, ""currency"": ""USD""}",yfinance,2026-08-03
PYPL,2026-06-04,dividend,,"{""amount"": 0.14, ""currency"": ""USD""}",yfinance,2026-08-03
QCOM,2023-11-29,dividend,,"{""amount"": 0.8, ""currency"": ""USD""}",yfinance,2026-08-03
QCOM,2024-02-28,dividend,,"{""amount"": 0.8, ""currency"": ""USD""}",yfinance,2026-08-03
QCOM,2024-05-30,dividend,,"{""amount"": 0.85, ""currency"": ""USD""}",yfinance,2026-08-03
QCOM,2024-09-05,dividend,,"{""amount"": 0.85, ""currency"": ""USD""}",yfinance,2026-08-03
QCOM,2024-12-05,dividend,,"{""amount"": 0.85, ""currency"": ""USD""}",yfinance,2026-08-03
QCOM,2025-03-06,dividend,,"{""amount"": 0.85, ""currency"": ""USD""}",yfinance,2026-08-03
QCOM,2025-06-05,dividend,,"{""amount"": 0.89, ""currency"": ""USD""}",yfinance,2026-08-03
QCOM,2025-09-04,dividend,,"{""amount"": 0.89, ""currency"": ""USD""}",yfinance,2026-08-03
QCOM,2025-12-04,dividend,,"{""amount"": 0.89, ""currency"": ""USD""}",yfinance,2026-08-03
QCOM,2026-03-05,dividend,,"{""amount"": 0.89, ""currency"": ""USD""}",yfinance,2026-08-03
QCOM,2026-06-04,dividend,,"{""amount"": 0.92, ""currency"": ""USD""}",yfinance,2026-08-03
RTX,2023-11-16,dividend,,"{""amount"": 0.59, ""currency"": ""USD""}",yfinance,2026-08-03
RTX,2024-02-22,dividend,,"{""amount"": 0.59, ""currency"": ""USD""}",yfinance,2026-08-03
RTX,2024-05-16,dividend,,"{""amount"": 0.63, ""currency"": ""USD""}",yfinance,2026-08-03
RTX,2024-08-16,dividend,,"{""amount"": 0.63, ""currency"": ""USD""}",yfinance,2026-08-03
RTX,2024-11-15,dividend,,"{""amount"": 0.63, ""currency"": ""USD""}",yfinance,2026-08-03
RTX,2025-02-21,dividend,,"{""amount"": 0.63, ""currency"": ""USD""}",yfinance,2026-08-03
RTX,2025-05-23,dividend,,"{""amount"": 0.68, ""currency"": ""USD""}",yfinance,2026-08-03
RTX,2025-08-15,dividend,,"{""amount"": 0.68, ""currency"": ""USD""}",yfinance,2026-08-03
RTX,2025-11-21,dividend,,"{""amount"": 0.68, ""currency"": ""USD""}",yfinance,2026-08-03
RTX,2026-02-20,dividend,,"{""amount"": 0.68, ""currency"": ""USD""}",yfinance,2026-08-03
RTX,2026-05-22,dividend,,"{""amount"": 0.73, ""currency"": ""USD""}",yfinance,2026-08-03
SBUX,2023-11-09,dividend,,"{""amount"": 0.57, ""currency"": ""USD""}",yfinance,2026-08-03
SBUX,2024-02-08,dividend,,"{""amount"": 0.57, ""currency"": ""USD""}",yfinance,2026-08-03
SBUX,2024-05-16,dividend,,"{""amount"": 0.57, ""currency"": ""USD""}",yfinance,2026-08-03
SBUX,2024-08-16,dividend,,"{""amount"": 0.57, ""currency"": ""USD""}",yfinance,2026-08-03
SBUX,2024-11-15,dividend,,"{""amount"": 0.61, ""currency"": ""USD""}",yfinance,2026-08-03
SBUX,2025-02-14,dividend,,"{""amount"": 0.61, ""currency"": ""USD""}",yfinance,2026-08-03
SBUX,2025-05-16,dividend,,"{""amount"": 0.61, ""currency"": ""USD""}",yfinance,2026-08-03
SBUX,2025-08-15,dividend,,"{""amount"": 0.61, ""currency"": ""USD""}",yfinance,2026-08-03
SBUX,2025-11-14,dividend,,"{""amount"": 0.62, ""currency"": ""USD""}",yfinance,2026-08-03
SBUX,2026-02-13,dividend,,"{""amount"": 0.62, ""currency"": ""USD""}",yfinance,2026-08-03
SBUX,2026-05-15,dividend,,"{""amount"": 0.62, ""currency"": ""USD""}",yfinance,2026-08-03
SCHW,2023-11-09,dividend,,"{""amount"": 0.25, ""currency"": ""USD""}",yfinance,2026-08-03
SCHW,2024-02-08,dividend,,"{""amount"": 0.25, ""currency"": ""USD""}",yfinance,2026-08-03
SCHW,2024-05-09,dividend,,"{""amount"": 0.25, ""currency"": ""USD""}",yfinance,2026-08-03
SCHW,2024-08-09,dividend,,"{""amount"": 0.25, ""currency"": ""USD""}",yfinance,2026-08-03
SCHW,2024-11-08,dividend,,"{""amount"": 0.25, ""currency"": ""USD""}",yfinance,2026-08-03
SCHW,2025-02-14,dividend,,"{""amount"": 0.27, ""currency"": ""USD""}",yfinance,2026-08-03
SCHW,2025-05-09,dividend,,"{""amount"": 0.27, ""currency"": ""USD""}",yfinance,2026-08-03
SCHW,2025-08-08,dividend,,"{""amount"": 0.27, ""currency"": ""USD""}",yfinance,2026-08-03
SCHW,2025-11-14,dividend,,"{""amount"": 0.27, ""currency"": ""USD""}",yfinance,2026-08-03
SCHW,2026-02-13,dividend,,"{""amount"": 0.32, ""currency"": ""USD""}",yfinance,2026-08-03
SCHW,2026-05-08,dividend,,"{""amount"": 0.32, ""currency"": ""USD""}",yfinance,2026-08-03
SO,2023-11-17,dividend,,"{""amount"": 0.7, ""currency"": ""USD""}",yfinance,2026-08-03
SO,2024-02-16,dividend,,"{""amount"": 0.7, ""currency"": ""USD""}",yfinance,2026-08-03
SO,2024-05-17,dividend,,"{""amount"": 0.72, ""currency"": ""USD""}",yfinance,2026-08-03
SO,2024-08-19,dividend,,"{""amount"": 0.72, ""currency"": ""USD""}",yfinance,2026-08-03
SO,2024-11-18,dividend,,"{""amount"": 0.72, ""currency"": ""USD""}",yfinance,2026-08-03
SO,2025-02-18,dividend,,"{""amount"": 0.72, ""currency"": ""USD""}",yfinance,2026-08-03
SO,2025-05-19,dividend,,"{""amount"": 0.74, ""currency"": ""USD""}",yfinance,2026-08-03
SO,2025-08-18,dividend,,"{""amount"": 0.74, ""currency"": ""USD""}",yfinance,2026-08-03
SO,2025-11-17,dividend,,"{""amount"": 0.74, ""currency"": ""USD""}",yfinance,2026-08-03
SO,2026-02-17,dividend,,"{""amount"": 0.74, ""currency"": ""USD""}",yfinance,2026-08-03
SO,2026-05-18,dividend,,"{""amount"": 0.76, ""currency"": ""USD""}",yfinance,2026-08-03
SPG,2023-12-07,dividend,,"{""amount"": 1.9, ""currency"": ""USD""}",yfinance,2026-08-03
SPG,2024-03-07,dividend,,"{""amount"": 1.95, ""currency"": ""USD""}",yfinance,2026-08-03
SPG,2024-06-07,dividend,,"{""amount"": 2.0, ""currency"": ""USD""}",yfinance,2026-08-03
SPG,2024-09-09,dividend,,"{""amount"": 2.05, ""currency"": ""USD""}",yfinance,2026-08-03
SPG,2024-12-09,dividend,,"{""amount"": 2.1, ""currency"": ""USD""}",yfinance,2026-08-03
SPG,2025-03-10,dividend,,"{""amount"": 2.1, ""currency"": ""USD""}",yfinance,2026-08-03
SPG,2025-06-09,dividend,,"{""amount"": 2.1, ""currency"": ""USD""}",yfinance,2026-08-03
SPG,2025-09-09,dividend,,"{""amount"": 2.15, ""currency"": ""USD""}",yfinance,2026-08-03
SPG,2025-12-10,dividend,,"{""amount"": 2.2, ""currency"": ""USD""}",yfinance,2026-08-03
SPG,2026-03-10,dividend,,"{""amount"": 2.2, ""currency"": ""USD""}",yfinance,2026-08-03
SPG,2026-06-09,dividend,,"{""amount"": 2.25, ""currency"": ""USD""}",yfinance,2026-08-03
T,2023-10-06,dividend,,"{""amount"": 0.278, ""currency"": ""USD""}",yfinance,2026-08-03
T,2024-01-09,dividend,,"{""amount"": 0.278, ""currency"": ""USD""}",yfinance,2026-08-03
T,2024-04-09,dividend,,"{""amount"": 0.278, ""currency"": ""USD""}",yfinance,2026-08-03
T,2024-07-10,dividend,,"{""amount"": 0.278, ""currency"": ""USD""}",yfinance,2026-08-03
T,2024-10-10,dividend,,"{""amount"": 0.278, ""currency"": ""USD""}",yfinance,2026-08-03
T,2025-01-10,dividend,,"{""amount"": 0.278, ""currency"": ""USD""}",yfinance,2026-08-03
T,2025-04-10,dividend,,"{""amount"": 0.278, ""currency"": ""USD""}",yfinance,2026-08-03
T,2025-07-10,dividend,,"{""amount"": 0.278, ""currency"": ""USD""}",yfinance,2026-08-03
T,2025-10-10,dividend,,"{""amount"": 0.278, ""currency"": ""USD""}",yfinance,2026-08-03
T,2026-01-12,dividend,,"{""amount"": 0.278, ""currency"": ""USD""}",yfinance,2026-08-03
T,2026-04-10,dividend,,"{""amount"": 0.278, ""currency"": ""USD""}",yfinance,2026-08-03
T,2026-07-10,dividend,,"{""amount"": 0.278, ""currency"": ""USD""}",yfinance,2026-08-03
TGT,2023-11-14,dividend,,"{""amount"": 1.1, ""currency"": ""USD""}",yfinance,2026-08-03
TGT,2024-02-20,dividend,,"{""amount"": 1.1, ""currency"": ""USD""}",yfinance,2026-08-03
TGT,2024-05-14,dividend,,"{""amount"": 1.1, ""currency"": ""USD""}",yfinance,2026-08-03
TGT,2024-08-21,dividend,,"{""amount"": 1.12, ""currency"": ""USD""}",yfinance,2026-08-03
TGT,2024-11-20,dividend,,"{""amount"": 1.12, ""currency"": ""USD""}",yfinance,2026-08-03
TGT,2025-02-12,dividend,,"{""amount"": 1.12, ""currency"": ""USD""}",yfinance,2026-08-03
TGT,2025-05-14,dividend,,"{""amount"": 1.12, ""currency"": ""USD""}",yfinance,2026-08-03
TGT,2025-08-13,dividend,,"{""amount"": 1.14, ""currency"": ""USD""}",yfinance,2026-08-03
TGT,2025-11-12,dividend,,"{""amount"": 1.14, ""currency"": ""USD""}",yfinance,2026-08-03
TGT,2026-02-11,dividend,,"{""amount"": 1.14, ""currency"": ""USD""}",yfinance,2026-08-03
TGT,2026-05-13,dividend,,"{""amount"": 1.14, ""currency"": ""USD""}",yfinance,2026-08-03
TMO,2023-12-14,dividend,,"{""amount"": 0.35, ""currency"": ""USD""}",yfinance,2026-08-03
TMO,2024-03-14,dividend,,"{""amount"": 0.39, ""currency"": ""USD""}",yfinance,2026-08-03
TMO,2024-06-14,dividend,,"{""amount"": 0.39, ""currency"": ""USD""}",yfinance,2026-08-03
TMO,2024-09-13,dividend,,"{""amount"": 0.39, ""currency"": ""USD""}",yfinance,2026-08-03
TMO,2024-12-13,dividend,,"{""amount"": 0.39, ""currency"": ""USD""}",yfinance,2026-08-03
TMO,2025-03-14,dividend,,"{""amount"": 0.43, ""currency"": ""USD""}",yfinance,2026-08-03
TMO,2025-06-13,dividend,,"{""amount"": 0.43, ""currency"": ""USD""}",yfinance,2026-08-03
TMO,2025-09-15,dividend,,"{""amount"": 0.43, ""currency"": ""USD""}",yfinance,2026-08-03
TMO,2025-12-15,dividend,,"{""amount"": 0.43, ""currency"": ""USD""}",yfinance,2026-08-03
TMO,2026-03-13,dividend,,"{""amount"": 0.47, ""currency"": ""USD""}",yfinance,2026-08-03
TMO,2026-06-15,dividend,,"{""amount"": 0.47, ""currency"": ""USD""}",yfinance,2026-08-03
TMUS,2023-11-30,dividend,,"{""amount"": 0.65, ""currency"": ""USD""}",yfinance,2026-08-03
TMUS,2024-02-29,dividend,,"{""amount"": 0.65, ""currency"": ""USD""}",yfinance,2026-08-03
TMUS,2024-05-31,dividend,,"{""amount"": 0.65, ""currency"": ""USD""}",yfinance,2026-08-03
TMUS,2024-08-30,dividend,,"{""amount"": 0.65, ""currency"": ""USD""}",yfinance,2026-08-03
TMUS,2024-11-27,dividend,,"{""amount"": 0.88, ""currency"": ""USD""}",yfinance,2026-08-03
TMUS,2025-02-28,dividend,,"{""amount"": 0.88, ""currency"": ""USD""}",yfinance,2026-08-03
TMUS,2025-05-30,dividend,,"{""amount"": 0.88, ""currency"": ""USD""}",yfinance,2026-08-03
TMUS,2025-08-29,dividend,,"{""amount"": 0.88, ""currency"": ""USD""}",yfinance,2026-08-03
TMUS,2025-11-26,dividend,,"{""amount"": 1.02, ""currency"": ""USD""}",yfinance,2026-08-03
TMUS,2026-02-27,dividend,,"{""amount"": 1.02, ""currency"": ""USD""}",yfinance,2026-08-03
TMUS,2026-05-29,dividend,,"{""amount"": 1.02, ""currency"": ""USD""}",yfinance,2026-08-03
TXN,2023-10-30,dividend,,"{""amount"": 1.3, ""currency"": ""USD""}",yfinance,2026-08-03
TXN,2024-01-30,dividend,,"{""amount"": 1.3, ""currency"": ""USD""}",yfinance,2026-08-03
TXN,2024-05-07,dividend,,"{""amount"": 1.3, ""currency"": ""USD""}",yfinance,2026-08-03
TXN,2024-07-31,dividend,,"{""amount"": 1.3, ""currency"": ""USD""}",yfinance,2026-08-03
TXN,2024-10-31,dividend,,"{""amount"": 1.36, ""currency"": ""USD""}",yfinance,2026-08-03
TXN,2025-01-31,dividend,,"{""amount"": 1.36, ""currency"": ""USD""}",yfinance,2026-08-03
TXN,2025-04-30,dividend,,"{""amount"": 1.36, ""currency"": ""USD""}",yfinance,2026-08-03
TXN,2025-07-31,dividend,,"{""amount"": 1.36, ""currency"": ""USD""}",yfinance,2026-08-03
TXN,2025-10-31,dividend,,"{""amount"": 1.42, ""currency"": ""USD""}",yfinance,2026-08-03
TXN,2026-01-30,dividend,,"{""amount"": 1.42, ""currency"": ""USD""}",yfinance,2026-08-03
TXN,2026-05-05,dividend,,"{""amount"": 1.42, ""currency"": ""USD""}",yfinance,2026-08-03
TXN,2026-07-31,dividend,,"{""amount"": 1.42, ""currency"": ""USD""}",yfinance,2026-08-03
UNH,2023-12-01,dividend,,"{""amount"": 1.88, ""currency"": ""USD""}",yfinance,2026-08-03
UNH,2024-03-08,dividend,,"{""amount"": 1.88, ""currency"": ""USD""}",yfinance,2026-08-03
UNH,2024-06-17,dividend,,"{""amount"": 2.1, ""currency"": ""USD""}",yfinance,2026-08-03
UNH,2024-09-16,dividend,,"{""amount"": 2.1, ""currency"": ""USD""}",yfinance,2026-08-03
UNH,2024-12-09,dividend,,"{""amount"": 2.1, ""currency"": ""USD""}",yfinance,2026-08-03
UNH,2025-03-10,dividend,,"{""amount"": 2.1, ""currency"": ""USD""}",yfinance,2026-08-03
UNH,2025-06-16,dividend,,"{""amount"": 2.21, ""currency"": ""USD""}",yfinance,2026-08-03
UNH,2025-09-15,dividend,,"{""amount"": 2.21, ""currency"": ""USD""}",yfinance,2026-08-03
UNH,2025-12-08,dividend,,"{""amount"": 2.21, ""currency"": ""USD""}",yfinance,2026-08-03
UNH,2026-03-09,dividend,,"{""amount"": 2.21, ""currency"": ""USD""}",yfinance,2026-08-03
UNH,2026-06-15,dividend,,"{""amount"": 2.32, ""currency"": ""USD""}",yfinance,2026-08-03
UNP,2023-12-07,dividend,,"{""amount"": 1.3, ""currency"": ""USD""}",yfinance,2026-08-03
UNP,2024-02-28,dividend,,"{""amount"": 1.3, ""currency"": ""USD""}",yfinance,2026-08-03
UNP,2024-05-31,dividend,,"{""amount"": 1.3, ""currency"": ""USD""}",yfinance,2026-08-03
UNP,2024-08-30,dividend,,"{""amount"": 1.34, ""currency"": ""USD""}",yfinance,2026-08-03
UNP,2024-12-09,dividend,,"{""amount"": 1.34, ""currency"": ""USD""}",yfinance,2026-08-03
UNP,2025-02-28,dividend,,"{""amount"": 1.34, ""currency"": ""USD""}",yfinance,2026-08-03
UNP,2025-05-30,dividend,,"{""amount"": 1.34, ""currency"": ""USD""}",yfinance,2026-08-03
UNP,2025-08-29,dividend,,"{""amount"": 1.38, ""currency"": ""USD""}",yfinance,2026-08-03
UNP,2025-12-05,dividend,,"{""amount"": 1.38, ""currency"": ""USD""}",yfinance,2026-08-03
UNP,2026-02-27,dividend,,"{""amount"": 1.38, ""currency"": ""USD""}",yfinance,2026-08-03
UNP,2026-05-29,dividend,,"{""amount"": 1.38, ""currency"": ""USD""}",yfinance,2026-08-03
UPS,2023-11-10,dividend,,"{""amount"": 1.62, ""currency"": ""USD""}",yfinance,2026-08-03
UPS,2024-02-16,dividend,,"{""amount"": 1.63, ""currency"": ""USD""}",yfinance,2026-08-03
UPS,2024-05-10,dividend,,"{""amount"": 1.63, ""currency"": ""USD""}",yfinance,2026-08-03
UPS,2024-08-19,dividend,,"{""amount"": 1.63, ""currency"": ""USD""}",yfinance,2026-08-03
UPS,2024-11-18,dividend,,"{""amount"": 1.63, ""currency"": ""USD""}",yfinance,2026-08-03
UPS,2025-02-18,dividend,,"{""amount"": 1.64, ""currency"": ""USD""}",yfinance,2026-08-03
UPS,2025-05-19,dividend,,"{""amount"": 1.64, ""currency"": ""USD""}",yfinance,2026-08-03
UPS,2025-08-18,dividend,,"{""amount"": 1.64, ""currency"": ""USD""}",yfinance,2026-08-03
UPS,2025-11-17,dividend,,"{""amount"": 1.64, ""currency"": ""USD""}",yfinance,2026-08-03
UPS,2026-02-17,dividend,,"{""amount"": 1.64, ""currency"": ""USD""}",yfinance,2026-08-03
UPS,2026-05-18,dividend,,"{""amount"": 1.64, ""currency"": ""USD""}",yfinance,2026-08-03
USB,2023-12-28,dividend,,"{""amount"": 0.49, ""currency"": ""USD""}",yfinance,2026-08-03
USB,2024-03-27,dividend,,"{""amount"": 0.49, ""currency"": ""USD""}",yfinance,2026-08-03
USB,2024-06-28,dividend,,"{""amount"": 0.49, ""currency"": ""USD""}",yfinance,2026-08-03
USB,2024-09-30,dividend,,"{""amount"": 0.5, ""currency"": ""USD""}",yfinance,2026-08-03
USB,2024-12-31,dividend,,"{""amount"": 0.5, ""currency"": ""USD""}",yfinance,2026-08-03
USB,2025-03-31,dividend,,"{""amount"": 0.5, ""currency"": ""USD""}",yfinance,2026-08-03
USB,2025-06-30,dividend,,"{""amount"": 0.5, ""currency"": ""USD""}",yfinance,2026-08-03
USB,2025-09-30,dividend,,"{""amount"": 0.52, ""currency"": ""USD""}",yfinance,2026-08-03
USB,2025-12-31,dividend,,"{""amount"": 0.52, ""currency"": ""USD""}",yfinance,2026-08-03
USB,2026-03-31,dividend,,"{""amount"": 0.52, ""currency"": ""USD""}",yfinance,2026-08-03
USB,2026-06-30,dividend,,"{""amount"": 0.52, ""currency"": ""USD""}",yfinance,2026-08-03
V,2023-11-08,dividend,,"{""amount"": 0.52, ""currency"": ""USD""}",yfinance,2026-08-03
V,2024-02-08,dividend,,"{""amount"": 0.52, ""currency"": ""USD""}",yfinance,2026-08-03
V,2024-05-16,dividend,,"{""amount"": 0.52, ""currency"": ""USD""}",yfinance,2026-08-03
V,2024-08-09,dividend,,"{""amount"": 0.52, ""currency"": ""USD""}",yfinance,2026-08-03
V,2024-11-12,dividend,,"{""amount"": 0.59, ""currency"": ""USD""}",yfinance,2026-08-03
V,2025-02-11,dividend,,"{""amount"": 0.59, ""currency"": ""USD""}",yfinance,2026-08-03
V,2025-05-13,dividend,,"{""amount"": 0.59, ""currency"": ""USD""}",yfinance,2026-08-03
V,2025-08-12,dividend,,"{""amount"": 0.59, ""currency"": ""USD""}",yfinance,2026-08-03
V,2025-11-12,dividend,,"{""amount"": 0.67, ""currency"": ""USD""}",yfinance,2026-08-03
V,2026-02-10,dividend,,"{""amount"": 0.67, ""currency"": ""USD""}",yfinance,2026-08-03
V,2026-05-12,dividend,,"{""amount"": 0.67, ""currency"": ""USD""}",yfinance,2026-08-03
VZ,2023-10-06,dividend,,"{""amount"": 0.665, ""currency"": ""USD""}",yfinance,2026-08-03
VZ,2024-01-09,dividend,,"{""amount"": 0.665, ""currency"": ""USD""}",yfinance,2026-08-03
VZ,2024-04-09,dividend,,"{""amount"": 0.665, ""currency"": ""USD""}",yfinance,2026-08-03
VZ,2024-07-10,dividend,,"{""amount"": 0.665, ""currency"": ""USD""}",yfinance,2026-08-03
VZ,2024-10-10,dividend,,"{""amount"": 0.678, ""currency"": ""USD""}",yfinance,2026-08-03
VZ,2025-01-10,dividend,,"{""amount"": 0.678, ""currency"": ""USD""}",yfinance,2026-08-03
VZ,2025-04-10,dividend,,"{""amount"": 0.678, ""currency"": ""USD""}",yfinance,2026-08-03
VZ,2025-07-10,dividend,,"{""amount"": 0.678, ""currency"": ""USD""}",yfinance,2026-08-03
VZ,2025-10-10,dividend,,"{""amount"": 0.69, ""currency"": ""USD""}",yfinance,2026-08-03
VZ,2026-01-12,dividend,,"{""amount"": 0.69, ""currency"": ""USD""}",yfinance,2026-08-03
VZ,2026-04-10,dividend,,"{""amount"": 0.708, ""currency"": ""USD""}",yfinance,2026-08-03
VZ,2026-07-10,dividend,,"{""amount"": 0.708, ""currency"": ""USD""}",yfinance,2026-08-03
WFC,2023-11-02,dividend,,"{""amount"": 0.35, ""currency"": ""USD""}",yfinance,2026-08-03
WFC,2024-02-01,dividend,,"{""amount"": 0.35, ""currency"": ""USD""}",yfinance,2026-08-03
WFC,2024-05-09,dividend,,"{""amount"": 0.35, ""currency"": ""USD""}",yfinance,2026-08-03
WFC,2024-08-09,dividend,,"{""amount"": 0.4, ""currency"": ""USD""}",yfinance,2026-08-03
WFC,2024-11-08,dividend,,"{""amount"": 0.4, ""currency"": ""USD""}",yfinance,2026-08-03
WFC,2025-02-07,dividend,,"{""amount"": 0.4, ""currency"": ""USD""}",yfinance,2026-08-03
WFC,2025-05-09,dividend,,"{""amount"": 0.4, ""currency"": ""USD""}",yfinance,2026-08-03
WFC,2025-08-08,dividend,,"{""amount"": 0.45, ""currency"": ""USD""}",yfinance,2026-08-03
WFC,2025-11-07,dividend,,"{""amount"": 0.45, ""currency"": ""USD""}",yfinance,2026-08-03
WFC,2026-02-06,dividend,,"{""amount"": 0.45, ""currency"": ""USD""}",yfinance,2026-08-03
WFC,2026-05-08,dividend,,"{""amount"": 0.45, ""currency"": ""USD""}",yfinance,2026-08-03
WMT,2023-12-07,dividend,,"{""amount"": 0.19, ""currency"": ""USD""}",yfinance,2026-08-03
WMT,2024-02-26,split,3.0,"{""stock_split_field"": 3.0}",yfinance,2026-08-03
WMT,2024-03-14,dividend,,"{""amount"": 0.208, ""currency"": ""USD""}",yfinance,2026-08-03
WMT,2024-05-09,dividend,,"{""amount"": 0.208, ""currency"": ""USD""}",yfinance,2026-08-03
WMT,2024-08-16,dividend,,"{""amount"": 0.208, ""currency"": ""USD""}",yfinance,2026-08-03
WMT,2024-12-13,dividend,,"{""amount"": 0.208, ""currency"": ""USD""}",yfinance,2026-08-03
WMT,2025-03-21,dividend,,"{""amount"": 0.235, ""currency"": ""USD""}",yfinance,2026-08-03
WMT,2025-05-09,dividend,,"{""amount"": 0.235, ""currency"": ""USD""}",yfinance,2026-08-03
WMT,2025-08-15,dividend,,"{""amount"": 0.235, ""currency"": ""USD""}",yfinance,2026-08-03
WMT,2025-12-12,dividend,,"{""amount"": 0.235, ""currency"": ""USD""}",yfinance,2026-08-03
WMT,2026-03-20,dividend,,"{""amount"": 0.248, ""currency"": ""USD""}",yfinance,2026-08-03
WMT,2026-05-08,dividend,,"{""amount"": 0.248, ""currency"": ""USD""}",yfinance,2026-08-03
XOM,2023-11-14,dividend,,"{""amount"": 0.95, ""currency"": ""USD""}",yfinance,2026-08-03
XOM,2024-02-13,dividend,,"{""amount"": 0.95, ""currency"": ""USD""}",yfinance,2026-08-03
XOM,2024-05-14,dividend,,"{""amount"": 0.95, ""currency"": ""USD""}",yfinance,2026-08-03
XOM,2024-08-15,dividend,,"{""amount"": 0.95, ""currency"": ""USD""}",yfinance,2026-08-03
XOM,2024-11-14,dividend,,"{""amount"": 0.99, ""currency"": ""USD""}",yfinance,2026-08-03
XOM,2025-02-12,dividend,,"{""amount"": 0.99, ""currency"": ""USD""}",yfinance,2026-08-03
XOM,2025-05-15,dividend,,"{""amount"": 0.99, ""currency"": ""USD""}",yfinance,2026-08-03
XOM,2025-08-15,dividend,,"{""amount"": 0.99, ""currency"": ""USD""}",yfinance,2026-08-03
XOM,2025-11-14,dividend,,"{""amount"": 1.03, ""currency"": ""USD""}",yfinance,2026-08-03
XOM,2026-02-12,dividend,,"{""amount"": 1.03, ""currency"": ""USD""}",yfinance,2026-08-03
XOM,2026-05-15,dividend,,"{""amount"": 1.03, ""currency"": ""USD""}",yfinance,2026-08-03
